<AddParts name="parts111" filename="woman-parts_lgdonnyeu.elu"> </AddParts>
<AddParts name="parts109" filename="woman-parts_gldonre.elu"> </AddParts>
<AddParts name="parts107" filename="woman-parts_chdonnz.elu"> </AddParts>
<AddParts name="parts108" filename="woman-parts_bodoun.elu"> </AddParts>


  <ITEM id="650025" name="Donation Set Jacket" mesh_name="eq_chest_donny" totalpoint="0" type="equip" res_sex="f" res_level="0" slot="chest" weight="10" bt_price="5000" hp="7" ap="24" maxwt="3" sf="0" fr="0" cr="0" pr="0" iscashitem="true" lr="0" color="#33FF33" desc="The donation set jacket." />
  <ITEM id="650026" name="Donation Set Trousers" mesh_name="eq_legs_131" totalpoint="0" type="equip" res_sex="f" res_level="0" slot="legs" weight="10" bt_price="5000" hp="4" ap="27" maxwt="1" sf="0" fr="0" cr="0" pr="0" iscashitem="true" lr="0" color="#33FF33" desc="The donation set trousers." />
  <ITEM id="650027" name="Donation Set Gloves" mesh_name="eq_hands_99" totalpoint="0" type="equip" res_sex="f" res_level="0" slot="hands" weight="3" bt_price="5000" hp="2" ap="17" maxwt="1" sf="0" fr="0" cr="0" pr="0" iscashitem="true" lr="0" color="#33FF33" desc="The donation set gloves." />
  <ITEM id="650028" name="Donation Set Boots" mesh_name="eq_feet_131" totalpoint="0" type="equip" res_sex="f" res_level="0" slot="feet" weight="3" bt_price="5000" hp="4" ap="17" maxwt="1" sf="0" fr="0" cr="0" pr="0" iscashitem="true" lr="0" color="#33FF33" desc="The donation set boots." />
  <ITEM id="650029" name="Donation Set Hat" mesh_name="eq_head_dona" totalpoint="0" type="equip" res_sex="f" res_level="0" slot="head" weight="3" bt_price="5000" hp="4" ap="13" maxwt="1" sf="0" fr="0" cr="0" pr="0" iscashitem="true" lr="0" color="#33FF33" desc="The donation set hat." />