<?xml version="1.0" ?>
<!--
	GAMETYPE_DEATHMATCH_SOLO	= 0
 	GAMETYPE_DEATHMATCH_TEAM	= 1
	GAMETYPE_GLADIATOR_SOLO		= 2
	GAMETYPE_GLADIATOR_TEAM		= 3
	GAMETYPE_ASSASSINATE		= 4
	GAMETYPE_TRAINING		= 5
	GAMETYPE_SURVIVAL		= 6
	GAMETYPE_QUEST			= 7
	GAMETYPE_BERSERKER		= 8 
	GAMETYPE_DEATHMATCH_TEAM2	= 9
	GAMETYPE_DEATHMATCH_DUEL	= 10
	GAMETYPE_QUEST_CHALLENGE 	= 12
-->

<XML id="channelrule">

	<CHANNELRULE id="0" name="novice">
	    <GAMETYPE id="0" />			<!-- GAMETYPE_DEATHMATCH_SOLO -->
        <GAMETYPE id="1" />			<!-- GAMETYPE_DEATHMATCH_TEAM -->
	    <GAMETYPE id="9" />			<!-- GAMETYPE_DEATHMATCH_TEAM2 -->
        <GAMETYPE id="2" />			<!-- GAMETYPE_GLADIATOR_SOLO -->
	    <GAMETYPE id="3" />			<!-- GAMETYPE_GLADIATOR_TEAM -->
        <GAMETYPE id="4" />			<!-- GAMETYPE_ASSASSINATE -->
	    <GAMETYPE id="5" />			<!-- GAMETYPE_TRAINING -->
		<GAMETYPE id="13" />		<!-- GAMETYPE_TEAM_TRAINING -->

		<MAP name="RelayMap" />
		<MAP name="Mansion" />
		<MAP name="Prison" />
		<MAP name="Prison II" />
		<MAP name="Island" />
		<MAP name="Garden" />
		<MAP name="Station" />
		<MAP name="Battle Arena" />
		<MAP name="Factory" />
		<MAP name="Town" />
		<MAP name="High_Haven" />
		<MAP name="Citadel" />
		<MAP name="WeaponShop" />
		<!-- <MAP name="Ruin" /> -->
		<!-- <MAP name="Port" /> -->
		<!-- <MAP name="Castle" /> -->
		<!-- <MAP name="Dungeon" /> -->
		<!-- <MAP name="Lost Shrine" /> -->
		<!-- <MAP name="Stairway" /> -->
		<MAP name="Snow_Town" />
		<MAP name="Halloween Town" />
	</CHANNELRULE>


	<CHANNELRULE id="3" name="newbie">
	    <GAMETYPE id="0" />			<!-- GAMETYPE_DEATHMATCH_SOLO -->
        <GAMETYPE id="1" />			<!-- GAMETYPE_DEATHMATCH_TEAM -->
	    <GAMETYPE id="9" />			<!-- GAMETYPE_DEATHMATCH_TEAM2 -->
        <GAMETYPE id="2" />			<!-- GAMETYPE_GLADIATOR_SOLO -->
	    <GAMETYPE id="3" />			<!-- GAMETYPE_GLADIATOR_TEAM -->
        <GAMETYPE id="4" />			<!-- GAMETYPE_ASSASSINATE -->
	    <GAMETYPE id="5" />			<!-- GAMETYPE_TRAINING -->
		<GAMETYPE id="13" />		<!-- GAMETYPE_TEAM_TRAINING -->

		<MAP name="RelayMap" />
		<MAP name="Mansion" />
		<MAP name="Prison" />
		<MAP name="Prison II" />
		<MAP name="Island" />
		<MAP name="Garden" />
		<MAP name="Station" />
		<MAP name="Battle Arena" />
		<MAP name="Factory" />
		<MAP name="Town" />
		<MAP name="High_Haven" />
		<MAP name="Citadel" />
		<MAP name="WeaponShop" />
		<!-- <MAP name="Ruin" /> -->
		<!-- <MAP name="Port" /> -->
		<!-- <MAP name="Castle" /> -->
		<!-- <MAP name="Dungeon" /> -->
		<!-- <MAP name="Lost Shrine" /> -->
		<!-- <MAP name="Stairway" /> -->
		<MAP name="Snow_Town" />
		<MAP name="Halloween Town" />
	</CHANNELRULE>


	<CHANNELRULE id="1" name="rookie">
	    <GAMETYPE id="0" />			<!-- GAMETYPE_DEATHMATCH_SOLO -->
        <GAMETYPE id="8" />			<!-- GAMETYPE_BERSERKER -->
	    <GAMETYPE id="1" />			<!-- GAMETYPE_DEATHMATCH_TEAM -->
        <GAMETYPE id="9" />			<!-- GAMETYPE_DEATHMATCH_TEAM2 -->
	    <GAMETYPE id="10" />		<!-- GAMETYPE_DEATHMATCH_DUEL -->
        <GAMETYPE id="2" />			<!-- GAMETYPE_GLADIATOR_SOLO -->
	    <GAMETYPE id="3" />			<!-- GAMETYPE_GLADIATOR_TEAM -->
        <GAMETYPE id="4" />			<!-- GAMETYPE_ASSASSINATE -->
	    <GAMETYPE id="5" />			<!-- GAMETYPE_TRAINING -->
		<GAMETYPE id="13" />		<!-- GAMETYPE_TEAM_TRAINING -->

		<MAP name="RelayMap" />
		<MAP name="Mansion" />
		<MAP name="Prison" />
		<MAP name="Prison II" />
		<MAP name="Island" />
		<MAP name="Garden" />
		<MAP name="Station" />
		<MAP name="Battle Arena" />
		<MAP name="Factory" />
		<MAP name="Town" />
		<MAP name="Ruin" />
		<MAP name="Port" />
		<MAP name="High_Haven" />
		<MAP name="Citadel" />
		<MAP name="WeaponShop" />
		<!-- <MAP name="Castle" /> -->
		<!-- <MAP name="Dungeon" /> -->
		<!-- <MAP name="Lost Shrine" /> -->
		<!-- <MAP name="Stairway" /> -->
		<MAP name="Snow_Town" />
		<MAP name="Halloween Town" />

		<MAP name="Hall" />			<!-- Only DUEL -->
		<MAP name="Catacomb" />		<!-- Only DUEL -->
		<MAP name="Jail" />			<!-- Only DUEL -->
		<MAP name="Shower Room" />	<!-- Only DUEL -->
	</CHANNELRULE>


	<CHANNELRULE id="2" name="mastery">
	    <GAMETYPE id="0" />			<!-- GAMETYPE_DEATHMATCH_SOLO -->
        <GAMETYPE id="8" />			<!-- GAMETYPE_BERSERKER -->
	    <GAMETYPE id="1" />			<!-- GAMETYPE_DEATHMATCH_TEAM -->
        <GAMETYPE id="9" />			<!-- GAMETYPE_DEATHMATCH_TEAM2 -->
	    <GAMETYPE id="10" />		<!-- GAMETYPE_DEATHMATCH_DUEL -->
        <GAMETYPE id="2" />			<!-- GAMETYPE_GLADIATOR_SOLO -->
	    <GAMETYPE id="3" />			<!-- GAMETYPE_GLADIATOR_TEAM -->
        <GAMETYPE id="4" />			<!-- GAMETYPE_ASSASSINATE -->
	    <GAMETYPE id="5" />			<!-- GAMETYPE_TRAINING -->
		<GAMETYPE id="13" />		<!-- GAMETYPE_TEAM_TRAINING -->

		<MAP name="RelayMap" />
		<MAP name="Mansion" />
		<MAP name="Prison" />
		<MAP name="Prison II" />
		<MAP name="Island" />
		<MAP name="Garden" />
		<MAP name="Station" />
		<MAP name="Battle Arena" />
		<MAP name="Factory" />
		<MAP name="Town" />
		<MAP name="Ruin" />
		<MAP name="Port" />
		<MAP name="Castle" />
		<MAP name="Dungeon" />
		<MAP name="High_Haven" />
		<MAP name="Citadel" />
		<MAP name="WeaponShop" />
		<MAP name="Lost Shrine" />
		<MAP name="Stairway" />
		<MAP name="Snow_Town" />
		<MAP name="Halloween Town" />

		<MAP name="Hall" />			<!-- Only DUEL -->
		<MAP name="Catacomb" />		<!-- Only DUEL -->
		<MAP name="Jail" />			<!-- Only DUEL -->
		<MAP name="Shower Room" />	<!-- Only DUEL -->
	</CHANNELRULE>


	<CHANNELRULE id="4" name="elite">
	    <GAMETYPE id="0" />			<!-- GAMETYPE_DEATHMATCH_SOLO -->
        <GAMETYPE id="8" />			<!-- GAMETYPE_BERSERKER -->
	    <GAMETYPE id="1" />			<!-- GAMETYPE_DEATHMATCH_TEAM -->
        <GAMETYPE id="9" />			<!-- GAMETYPE_DEATHMATCH_TEAM2 -->
	    <GAMETYPE id="10" />		<!-- GAMETYPE_DEATHMATCH_DUEL -->
        <GAMETYPE id="2" />			<!-- GAMETYPE_GLADIATOR_SOLO -->
	    <GAMETYPE id="3" />			<!-- GAMETYPE_GLADIATOR_TEAM -->
        <GAMETYPE id="4" />			<!-- GAMETYPE_ASSASSINATE -->
	    <GAMETYPE id="5" />			<!-- GAMETYPE_TRAINING -->
		<GAMETYPE id="13" />		<!-- GAMETYPE_TEAM_TRAINING -->
		<GAMETYPE id="6" />		<!-- GAMETYPE_SURVIVAL -->
		<GAMETYPE id="12" />	<!-- GAMETYPE_QUEST_CHALLENGE -->
		<GAMETYPE id="14" />		<!-- GAMETYPE_CTF -->
		<GAMETYPE id="15" />		<!-- GAMETYPE_INFECTED -->
		<GAMETYPE id="16" />		<!-- GAMETYPE_GUNGAME -->

		<MAP name="RelayMap" />
		<MAP name="Mansion" />
		<MAP name="Prison" />
		<MAP name="Station" />
		<MAP name="Prison II" />
		<MAP name="Battle Arena" />
		<MAP name="Town" />
		<MAP name="Dungeon" />
		<MAP name="Ruin" />
		<MAP name="Island" />
		<MAP name="Garden" />
		<MAP name="Castle" />
		<MAP name="Factory" />
		<MAP name="Port" />
		<MAP name="Lost Shrine" />
		<MAP name="Stairway" />
		<MAP name="Snow_Town" />
		<MAP name="Hall" />
		<MAP name="Catacomb" />
		<MAP name="Jail" />
		<MAP name="Shower Room" />
		<MAP name="High_Haven" />
		<MAP name="Citadel" />
		<MAP name="WeaponShop" />
		<MAP name="Arena" />
		<MAP name="Asylum" />
		<MAP name="Atack-Defense" />
		<MAP name="BlitzKrieg" />
		<MAP name="Canal_Town" />
		<MAP name="Complex" />
		<MAP name="cs_assault_new" />
		<MAP name="CyberSports" />
		<MAP name="Darker" />
		<MAP name="DBZ" />
		<MAP name="Delta" />
		<MAP name="Dojo" />
		<MAP name="Elementary" />
		<MAP name="Eventroom" />
		<MAP name="Fsubway" />
		<MAP name="FTemple" />
		<MAP name="Halo" />
		<MAP name="Island Temple" />
		<MAP name="McBrickz" />
		<MAP name="Mine" />
		<MAP name="Multi DTR" />
		<MAP name="Nagrand-Underground" />
		<MAP name="Nexus-Base" />
		<MAP name="Pavilion" />
		<MAP name="PokemonStadium" />
		<MAP name="Scoutzknives" />
		<MAP name="Sewer" />
		<MAP name="Skillmap" />
		<MAP name="skillmapv2" />
		<MAP name="skillmapv3" />
		<MAP name="SkillmapV4" />
		<MAP name="Skyline" />
		<MAP name="Snow Child" />
		<MAP name="Snow_Wasteland" />
		<MAP name="SuperFlip" />
		<MAP name="SuperMario3" />
		<MAP name="Terrace of The Sky" />
		<MAP name="The_Building" />
		<MAP name="TheOffice" />
		<MAP name="Tombs" />
		<MAP name="Vice" />
	</CHANNELRULE>

	<CHANNELRULE id="7" name="set1">
		<GAMETYPE id="0" />			<!-- GAMETYPE_DEATHMATCH_SOLO -->
		<GAMETYPE id="8" />			<!-- GAMETYPE_BERSERKER -->
		<GAMETYPE id="1" />			<!-- GAMETYPE_DEATHMATCH_TEAM -->
		<GAMETYPE id="9" />			<!-- GAMETYPE_DEATHMATCH_TEAM2 -->
		<GAMETYPE id="10" />			<!-- GAMETYPE_DEATHMATCH_DUEL -->
		<GAMETYPE id="2" />			<!-- GAMETYPE_GLADIATOR_SOLO -->
		<GAMETYPE id="3" />			<!-- GAMETYPE_GLADIATOR_TEAM -->
		<GAMETYPE id="4" />			<!-- GAMETYPE_ASSASSINATE -->
		<GAMETYPE id="5" />			<!-- GAMETYPE_TRAINING -->
		<GAMETYPE id="13" />			<!-- GAMETYPE_TEAM_TRAINING -->
		<GAMETYPE id="6" />			<!-- GAMETYPE_SURVIVAL -->
		<!--<GAMETYPE id="12" />-->		<!-- GAMETYPE_QUEST_CHALLENGE -->
		<GAMETYPE id="14" />			<!-- GAMETYPE_CTF -->
		<GAMETYPE id="15" />			<!-- GAMETYPE_INFECTED -->
		<GAMETYPE id="16" />			<!-- GAMETYPE_GUNGAME -->
		<GAMETYPE id="18" />			<!-- GAMETYPE_RUN -->

			<MAP name="RelayMap" />
			<MAP name="Mansion" />
			<MAP name="Prison" />
			<MAP name="Station" />
			<MAP name="Prison II" />
			<MAP name="Battle Arena" />
			<MAP name="Town" />
			<MAP name="Dungeon" />
			<MAP name="Ruin" />
			<MAP name="Island" />
			<MAP name="Garden" />
			<MAP name="Castle" />
			<MAP name="Factory" />
			<MAP name="Port" />
			<MAP name="Lost Shrine" />
			<MAP name="Stairway" />
			<MAP name="Snow_Town" />
			<MAP name="Hall" />
			<MAP name="Catacomb" />
			<MAP name="Jail" />
			<MAP name="Shower Room" />
			<MAP name="High_Haven" />
			<MAP name="Citadel" />
			<MAP name="WeaponShop" />
			<MAP name="Arena" />
			<MAP name="Asylum" />
			<MAP name="Atack-Defense" />
			<MAP name="BlitzKrieg" />
			<MAP name="Canal_Town" />
			<MAP name="Complex" />
			<MAP name="cs_assault_new" />
			<MAP name="CyberSports" />
			<MAP name="Darker" />
			<MAP name="DBZ" />
			<MAP name="Delta" />
			<MAP name="Dojo" />
			<MAP name="Elementary" />
			<MAP name="Eventroom" />
			<MAP name="Fsubway" />
			<MAP name="FTemple" />
			<MAP name="Halo" />
			<MAP name="Island Temple" />
			<MAP name="McBrickz" />
			<MAP name="Mine" />
			<MAP name="Multi DTR" />
			<MAP name="Nagrand-Underground" />
			<MAP name="Nexus-Base" />
			<MAP name="Pavilion" />
			<MAP name="PokemonStadium" />
			<MAP name="Scoutzknives" />
			<MAP name="Sewer" />
			<MAP name="Skillmap" />
			<MAP name="skillmapv2" />
			<MAP name="skillmapv3" />
			<MAP name="SkillmapV4" />
			<MAP name="Skyline" />
			<MAP name="Snow Child" />
			<MAP name="Snow_Wasteland" />
			<MAP name="SuperFlip" />
			<MAP name="SuperMario3" />
			<MAP name="Terrace of The Sky" />
			<MAP name="The_Building" />
			<MAP name="TheOffice" />
			<MAP name="Tombs" />
			<MAP name="Vice" />
			<MAP name="True and False" />
			<MAP name="Dodgeball" />
			<MAP name="Lost_Woods" />
			<MAP name="Halloween Town" />
			<MAP name="Race" />
	</CHANNELRULE>

	<CHANNELRULE id="5" name="champion">
	    <GAMETYPE id="0" />			<!-- GAMETYPE_DEATHMATCH_SOLO -->
		<GAMETYPE id="8" />			<!-- GAMETYPE_BERSERKER -->
	    <GAMETYPE id="1" />			<!-- GAMETYPE_DEATHMATCH_TEAM -->
        <GAMETYPE id="9" />			<!-- GAMETYPE_DEATHMATCH_TEAM2 -->
	    <GAMETYPE id="10" />		<!-- GAMETYPE_DEATHMATCH_DUEL -->
        <GAMETYPE id="2" />			<!-- GAMETYPE_GLADIATOR_SOLO -->
	    <GAMETYPE id="3" />			<!-- GAMETYPE_GLADIATOR_TEAM -->
        <GAMETYPE id="4" />			<!-- GAMETYPE_ASSASSINATE -->
	    <GAMETYPE id="5" />			<!-- GAMETYPE_TRAINING -->
		<GAMETYPE id="13" />		<!-- GAMETYPE_TEAM_TRAINING -->

		<MAP name="RelayMap" />
		<MAP name="Mansion" />
		<MAP name="Prison" />
		<MAP name="Prison II" />
		<MAP name="Island" />
		<MAP name="Garden" />
		<MAP name="Station" />
		<MAP name="Battle Arena" />
		<MAP name="Factory" />
		<MAP name="Town" />
		<MAP name="Ruin" />
		<MAP name="Port" />
		<MAP name="Castle" />
		<MAP name="Dungeon" />
		<MAP name="Lost Shrine" />
		<MAP name="Stairway" />
		<MAP name="High_Haven" />
		<MAP name="Citadel" />
		<MAP name="WeaponShop" />
		<MAP name="Snow_Town" />
		<MAP name="Halloween Town" />

		<MAP name="Hall" />			<!-- Only DUEL -->
		<MAP name="Catacomb" />			<!-- Only DUEL -->
		<MAP name="Jail" />			<!-- Only DUEL -->
		<MAP name="Shower Room" />		<!-- Only DUEL -->	
	</CHANNELRULE>

	<CHANNELRULE id="6" name="quest">
		<GAMETYPE id="7" />			<!-- GAMETYPE_QUEST -->
		<GAMETYPE id="6" />			<!-- GAMETYPE_SURVIVAL -->

		<MAP name="Mansion" />
		<MAP name="Prison" />
		<MAP name="Dungeon" />
	</CHANNELRULE>
	
	
	<CHANNELRULE id="6" name="dueltournament">
		<GAMETYPE id="11" />		<!-- GAMETYPE_DUELTOURNAMENT -->
		
		<MAP name="Hall" />			<!-- Only DUEL -->
		<MAP name="Catacomb" />			<!-- Only DUEL -->
		<MAP name="Jail" />			<!-- Only DUEL -->
		<MAP name="Shower Room" />		<!-- Only DUEL -->
	</CHANNELRULE>



	
</XML>
