﻿<?xml version="1.0" encoding="UTF-8" ?> 
<XML id="ZLENZFLARE">
	<TEXTURE>
		<TEXTURE_FILE FILE_NAME="sfx/lens_flare00.bmp"/>
		<TEXTURE_FILE FILE_NAME="sfx/lens_flare_ring00.bmp"/>
		<TEXTURE_FILE FILE_NAME="sfx/lens_flare_ring01.bmp"/>
		<TEXTURE_FILE FILE_NAME="sfx/lens_flare_ring02.bmp"/>
		<TEXTURE_FILE FILE_NAME="sfx/lens_flare_ring03.bmp"/>
		<TEXTURE_FILE FILE_NAME="sfx/lens_flare_grow00.bmp"/>
	</TEXTURE>
	<ELEMENTS>
		<ELEMENT TYPE = "0" WIDTH = "128" HEIGHT = "128" COLOR = "#00FFFFFF" TEXTURE_INDEX = "0" />
		<ELEMENT TYPE = "1" WIDTH = "160" HEIGHT = "160" COLOR = "#00FFFFFF" TEXTURE_INDEX = "3" />
		<ELEMENT TYPE = "2" WIDTH = "32" HEIGHT = "32" COLOR = "#00FFFFFF" TEXTURE_INDEX = "2" />
		<ELEMENT TYPE = "3" WIDTH = "40" HEIGHT = "40" COLOR = "#00FFFFFF" TEXTURE_INDEX = "5" />
		<ELEMENT TYPE = "4" WIDTH = "35" HEIGHT = "35" COLOR = "#00FFFFFF" TEXTURE_INDEX = "4" />
		<ELEMENT TYPE = "5" WIDTH = "30" HEIGHT = "30" COLOR = "#00FFFFFF" TEXTURE_INDEX = "5" />
		<ELEMENT TYPE = "6" WIDTH = "12" HEIGHT = "12" COLOR = "#00FFFFFF" TEXTURE_INDEX = "1" />
		<ELEMENT TYPE = "7" WIDTH = "60" HEIGHT = "60" COLOR = "#00FFFFFF" TEXTURE_INDEX = "4" />
		<ELEMENT TYPE = "8" WIDTH = "100" HEIGHT = "100" COLOR = "#00FFFFFF" TEXTURE_INDEX = "3" />
		<ELEMENT TYPE = "9" WIDTH = "80" HEIGHT = "80" COLOR = "#00FFFFFF" TEXTURE_INDEX = "2" />
	</ELEMENTS>
</XML>
