﻿<?xml version="1.0" encoding="UTF-8" ?>
<XML>
	<NOTIFY id="10">STR:NOTIFY_10</NOTIFY>
	<NOTIFY id="11">STR:NOTIFY_11</NOTIFY>
	<NOTIFY id="15">STR:NOTIFY_15</NOTIFY>
	<NOTIFY id="51">STR:NOTIFY_51</NOTIFY>
	<NOTIFY id="70">STR:NOTIFY_70</NOTIFY>
	<NOTIFY id="100">STR:NOTIFY_100</NOTIFY>
	<NOTIFY id="101">STR:NOTIFY_101</NOTIFY>
	<NOTIFY id="110">STR:NOTIFY_110</NOTIFY>
	<NOTIFY id="150">STR:NOTIFY_150</NOTIFY>
	<NOTIFY id="151">STR:NOTIFY_151</NOTIFY>
	<NOTIFY id="152">STR:NOTIFY_152</NOTIFY>
	<NOTIFY id="153">STR:NOTIFY_153</NOTIFY>
	<NOTIFY id="154">STR:NOTIFY_154</NOTIFY>
	<NOTIFY id="155">STR:NOTIFY_155</NOTIFY>
	<NOTIFY id="156">STR:NOTIFY_156</NOTIFY>
	<NOTIFY id="157">STR:NOTIFY_157</NOTIFY>
	<NOTIFY id="200">STR:NOTIFY_200</NOTIFY>
	<NOTIFY id="201">STR:NOTIFY_201</NOTIFY>
	<NOTIFY id="251">STR:NOTIFY_251</NOTIFY>
	<NOTIFY id="252">STR:NOTIFY_252</NOTIFY>
	<NOTIFY id="253">STR:NOTIFY_253</NOTIFY>
	<NOTIFY id="255">STR:NOTIFY_255</NOTIFY>
	<NOTIFY id="256">STR:NOTIFY_256</NOTIFY>
	<NOTIFY id="301">STR:NOTIFY_301</NOTIFY>
	<NOTIFY id="302">STR:NOTIFY_302</NOTIFY>
	<NOTIFY id="311">STR:NOTIFY_311</NOTIFY>
	<NOTIFY id="312">STR:NOTIFY_312</NOTIFY>
</XML>
