﻿<?xml version="1.0" encoding="UTF-8" ?>

<!-- 
neverblasted 는 띄우기 공격이나 수류탄 넉백에 면역인지 설정하는 것
neverblasted.sound 는 넉백 면역일 경우 피격음을 설정할 수 있는 것 (넉백 면역이 true여야만 이 사운드 재생됨)
			넉백면역인데 사운드 지정 안하면 기존처럼 철판 때리는 소리 (fx_bullethit_mt_met.wav)가 나게 됨
-->

<XML>
<!-- knifeman -->
<ACTOR name="knifeman"
	   model="knifeman"
	   ai.fsm="knifeman"
	   max_hp="120"
	   max_ap="80"
	   collision.radius="50" 
	   collision.height="115"
	   speed="600"
	   rotspeed="2.6"
	   groggyRecoverPerSec="10"
	   neverblasted="false"
	   meshpicking="false"
	   sound.die="challenge_quest\guerilla_knifeman\guerilla_knifeman_die"
	   />
	   
<ACTOR name="knifeman2"
	   model="knifeman2"
	   ai.fsm="knifeman2"
	   max_hp="180"
	   max_ap="120"
	   collision.radius="50" 
	   collision.height="115"
	   speed="720"
	   rotspeed="2.8"
	   groggyRecoverPerSec="15"
	   neverblasted="false"
	   meshpicking="false"
	   sound.die="challenge_quest\guerilla_knifeman\guerilla_knifeman_die"
	   />
	   
<ACTOR name="knifeman3"
	   model="knifeman3"
	   ai.fsm="knifeman3"
	   max_hp="240"
	   max_ap="160"
	   collision.radius="50" 
	   collision.height="115"
	   speed="840"
	   rotspeed="3"
	   groggyRecoverPerSec="20"
	   neverblasted="false"
	   meshpicking="false"
	   sound.die="challenge_quest\guerilla_knifeman\guerilla_knifeman_die"
	   />
	   
<!-- hunter -->
<ACTOR name="hunter"
	   model="hunter"
	   ai.fsm="hunter"
	   max_hp="120"
	   max_ap="80"
	   collision.radius="50" 
	   collision.height="115"
	   speed="500"
	   rotspeed="2.6"
	   groggyRecoverPerSec="10"
	   neverblasted="false"
	   meshpicking="false"
	   sound.die="challenge_quest\guerilla_hunter\guerilla_hunter_die"
	   />
	   
<ACTOR name="hunter2"
	   model="hunter2"
	   ai.fsm="hunter2"
	   max_hp="180"
	   max_ap="120"
	   collision.radius="50" 
	   collision.height="115"
	   speed="500"
	   rotspeed="2.8"
	   groggyRecoverPerSec="15"
	   neverblasted="false"
	   meshpicking="false"
	   sound.die="challenge_quest\guerilla_hunter\guerilla_hunter_die"
	   />
	   
<ACTOR name="hunter3"
	   model="hunter3"
	   ai.fsm="hunter3"
	   max_hp="240"
	   max_ap="160"
	   collision.radius="50" 
	   collision.height="115"
	   speed="500"
	   rotspeed="3"
	   groggyRecoverPerSec="20"
	   neverblasted="false"
	   meshpicking="false"
	   sound.die="challenge_quest\guerilla_hunter\guerilla_hunter_die"
	   />
	   
<!-- rifleman -->
<ACTOR name="rifleman"
	   model="rifleman"
	   ai.fsm="rifleman"
	   max_hp="120"
	   max_ap="80"
	   collision.radius="50" 
	   collision.height="115"
	   speed="400"
	   rotspeed="2.6"
	   groggyRecoverPerSec="10"
	   neverblasted="false"
	   meshpicking="false"
	   sound.die="challenge_quest\guerilla_rifleman\guerilla_rifleman_die"
	   />
	   
<ACTOR name="rifleman2"
	   model="rifleman2"
	   ai.fsm="rifleman2"
	   max_hp="180"
	   max_ap="120"
	   collision.radius="50" 
	   collision.height="115"
	   speed="400"
	   rotspeed="2.8"
	   groggyRecoverPerSec="15"
	   neverblasted="false"
	   meshpicking="false"
	   sound.die="challenge_quest\guerilla_rifleman\guerilla_rifleman_die"
	   />
	   
<ACTOR name="rifleman3"
	   model="rifleman3"
	   ai.fsm="rifleman3"
	   max_hp="240"
	   max_ap="160"
	   collision.radius="50" 
	   collision.height="115"
	   speed="400"
	   rotspeed="3"
	   groggyRecoverPerSec="20"
	   neverblasted="false"
	   meshpicking="false"
	   sound.die="challenge_quest\guerilla_rifleman\guerilla_rifleman_die"
	   />

<ACTOR name="robot"
	   model="robot"
	   ai.fsm="robot"
	   max_hp="3500"
	   max_ap="3500"
	   collision.radius="125" 
	   collision.height="130"
	   speed="1000"
	   rotspeed="4"
	   groggyRecoverPerSec="0"
	   neverblasted="true"
	   boss="true"
	   meshpicking="true"
	   sound.die="challenge_quest\guerilla_robot\guerilla_robot_die"
	   />
	   
<ACTOR name="psychic"
	   model="psychic"
	   ai.fsm="psychic"
	   max_hp="4250"
	   max_ap="4250"
	   collision.radius="50" 
	   collision.height="140"
	   speed="350"
	   rotspeed="4.5"
	   groggyRecoverPerSec="0"
	   neverblasted="true"
	   boss="true"
	   meshpicking="false"
	   sound.die="challenge_quest\guerilla_psychic\guerilla_psychic_die"
	   />
	   
<ACTOR name="psychic2"
	   model="psychic"
	   ai.fsm="psychic"
	   max_hp="850"
	   max_ap="850"
	   collision.radius="50" 
	   collision.height="140"
	   speed="350"
	   rotspeed="4.5"
	   groggyRecoverPerSec="0"
	   neverblasted="true"
	   boss="false"
	   meshpicking="false"
	   sound.die="challenge_quest\guerilla_psychic\guerilla_psychic_die"
	   />
	   
<ACTOR name="psychic3"
	   model="psychic"
	   ai.fsm="psychic"
	   max_hp="1250"
	   max_ap="1250"
	   collision.radius="50" 
	   collision.height="140"
	   speed="350"
	   rotspeed="4.5"
	   groggyRecoverPerSec="0"
	   neverblasted="true"
	   boss="false"
	   meshpicking="false"
	   sound.die="challenge_quest\guerilla_psychic\guerilla_psychic_die"
	   />
	   
<ACTOR name="general"
	   model="general"
	   ai.fsm="general"
	   max_hp="5500"
	   max_ap="5500"
	   collision.radius="60" 
	   collision.height="190"
	   speed="600"
	   rotspeed="5"
	   groggyRecoverPerSec="0"
	   neverblasted="true"
	   boss="true"
	   meshpicking="false"
	   sound.die="challenge_quest\guerilla_general\guerilla_general_die"
	   />
	   
<!-- charger -->
<ACTOR name="charger"
	   model="charger"
	   ai.fsm="charger"
	   max_hp="140"
	   max_ap="100"
	   collision.radius="50" 
	   collision.height="145"
	   speed="600"
	   rotspeed="6"
	   groggyRecoverPerSec="10"
	   neverblasted="false"
	   meshpicking="false"
	   grenadecollision="false"
	   sound.die="challenge_quest/researchlab/lab_charger_die"
	   />

<!-- charger2 -->
<ACTOR name="charger2"
	   model="charger2"
	   ai.fsm="charger2"
	   max_hp="160"
	   max_ap="125"
	   collision.radius="50" 
	   collision.height="145"
	   speed="675"
	   rotspeed="8"
	   groggyRecoverPerSec="15"
	   neverblasted="false"
	   meshpicking="false"
	   grenadecollision="false"
	   sound.die="challenge_quest/researchlab/lab_charger_die"
	   />

<!-- charger3 -->
<ACTOR name="charger3"
	   model="charger3"
	   ai.fsm="charger3"
	   max_hp="180"
	   max_ap="150"
	   collision.radius="50" 
	   collision.height="145"
	   speed="750"
	   rotspeed="10"
	   groggyRecoverPerSec="20"
	   neverblasted="false"
	   meshpicking="false"
	   grenadecollision="false"
	   sound.die="challenge_quest/researchlab/lab_charger_die"
	   />	   
	   
<!-- shooter -->
<ACTOR name="shooter"
	   model="shooter"
	   ai.fsm="shooter"
	   max_hp="140"
	   max_ap="100"
	   collision.radius="60" 
	   collision.height="135"
	   speed="500"
	   rotspeed="6"
	   groggyRecoverPerSec="10"
	   neverblasted="false"
	   meshpicking="false"
	   grenadecollision="false"
	   sound.die="challenge_quest/researchlab/lab_shooter_die"
	   />
	   
<!-- shooter2 -->
<ACTOR name="shooter2"
	   model="shooter2"
	   ai.fsm="shooter2"
	   max_hp="160"
	   max_ap="125"
	   collision.radius="60" 
	   collision.height="135"
	   speed="500"
	   rotspeed="7"
	   groggyRecoverPerSec="15"
	   neverblasted="false"
	   meshpicking="false"
	   grenadecollision="false"
	   sound.die="challenge_quest/researchlab/lab_shooter_die"
	   />
	   
<!-- shooter3 -->
<ACTOR name="shooter3"
	   model="shooter3"
	   ai.fsm="shooter3"
	   max_hp="180"
	   max_ap="150"
	   collision.radius="60" 
	   collision.height="135"
	   speed="500"
	   rotspeed="8"
	   groggyRecoverPerSec="20"
	   neverblasted="false"
	   meshpicking="false"
	   grenadecollision="false"
	   sound.die="challenge_quest/researchlab/lab_shooter_die"
	   />
	   
<!-- disposer -->
<ACTOR name="disposer"
	   model="disposer"
	   ai.fsm="disposer"
	   max_hp="140"
	   max_ap="100"
	   collision.radius="75" 
	   collision.height="115"
	   speed="600"
	   rotspeed="6"
	   groggyRecoverPerSec="10"
	   neverblasted="false"
	   meshpicking="false"
	   grenadecollision="false"
	   sound.die="challenge_quest/researchlab/lab_disposer_die"
	   />

<!-- disposer2 -->
<ACTOR name="disposer2"
	   model="disposer2"
	   ai.fsm="disposer2"
	   max_hp="160"
	   max_ap="125"
	   collision.radius="75" 
	   collision.height="115"
	   speed="650"
	   rotspeed="7"
	   groggyRecoverPerSec="15"
	   neverblasted="false"
	   meshpicking="false"
	   grenadecollision="false"
	   sound.die="challenge_quest/researchlab/lab_disposer_die"
	   />

<!-- disposer3 -->
<ACTOR name="disposer3"
	   model="disposer3"
	   ai.fsm="disposer3"
	   max_hp="180"
	   max_ap="150"
	   collision.radius="75" 
	   collision.height="115"
	   speed="700"
	   rotspeed="8"
	   groggyRecoverPerSec="20"
	   neverblasted="false"
	   meshpicking="false"
	   grenadecollision="false"
	   sound.die="challenge_quest/researchlab/lab_disposer_die"
	   />	   
<!-- chaser -->
<ACTOR name="chaser"
	   model="chaser"
	   ai.fsm="chaser"
	   max_hp="4000"
	   max_ap="4000"
	   collision.radius="90" 
	   collision.height="180"
	   speed="1100"
	   rotspeed="5"
	   groggyRecoverPerSec="0"
	   neverblasted="true"
	   boss="true"
	   meshpicking="true"
	   grenadecollision="false"
	   sound.die="challenge_quest/researchlab/lab_chaser_die"
	   />
<!-- tower -->
<ACTOR name="tower"
	   model="tower"
	   ai.fsm="tower"
	   max_hp="10000"
	   max_ap="10000"
	   collision.radius="120" 
	   collision.height="700"
	   speed="1"
	   rotspeed="1"
	   groggyRecoverPerSec="0"
	   neverblasted="true"
	   boss="true"
	   forced.collup120="true"
	   meshpicking="true"
	   grenadecollision="false"
	   sound.die="challenge_quest/researchlab/lab_tower_die"
	   />
<!-- assassin -->
<ACTOR name="assassin"
	   model="assassin"
	   ai.fsm="assassin"
	   max_hp="6000"
	   max_ap="6000"
	   collision.radius="90" 
	   collision.height="200"
	   speed="1200"
	   rotspeed="6"
	   groggyRecoverPerSec="0"
	   neverblasted="true"
	   boss="true"
	   meshpicking="true"
	   grenadecollision="false"
	   sound.die="challenge_quest/researchlab/lab_assasin_die"
	   />
<!-- chaser Hc -->
<ACTOR name="chaserhc"
	   model="chaserex"
	   ai.fsm="chaserhc"
	   max_hp="6500"
	   max_ap="6500"
	   collision.radius="90" 
	   collision.height="180"
	   speed="1100"
	   rotspeed="5"
	   groggyRecoverPerSec="0"
	   neverblasted="true"
	   boss="true"
	   meshpicking="true"
	   grenadecollision="false"
	   sound.die="challenge_quest/researchlab/lab_chaser_die"
	   />
<!-- tower Hc -->
<ACTOR name="towerhc"
	   model="towerex"
	   ai.fsm="towerhc"
	   max_hp="15000"
	   max_ap="15000"
	   collision.radius="120" 
	   collision.height="700"
	   speed="1"
	   rotspeed="1"
	   groggyRecoverPerSec="0"
	   neverblasted="true"
	   boss="true"
	   forced.collup120="true"
	   meshpicking="true"
	   grenadecollision="false"
	   sound.die="challenge_quest/researchlab/lab_tower_die"
	   />
<!-- assassin Hc -->
<ACTOR name="assassinhc"
	   model="assassinex"
	   ai.fsm="assassinhc"
	   max_hp="9000"
	   max_ap="9000"
	   collision.radius="90" 
	   collision.height="200"
	   speed="1200"
	   rotspeed="6"
	   groggyRecoverPerSec="0"
	   neverblasted="true"
	   boss="true"
	   meshpicking="true"
	   grenadecollision="false"
	   sound.die="challenge_quest/researchlab/lab_assasin_die"
	   />

<!-- 전격전 -->

<!-- 바리게이트 -->
<ACTOR name="barricade_red"
	   model="barricade_red"
	   scale="0.55"
	   ai.fsm="barricade"
	   max_hp="700"
	   max_ap="700"
	   collision.radius="250" 
	   collision.height="110"
	   speed="1000"
	   rotspeed="4"
	   groggyRecoverPerSec="0"
	   neverblasted="true"
	   neverblasted.sound="Blitzkrieg/hit_barricade"
	   boss="false"
	   meshpicking="true"
	   type="barricade"
	   noshadow="true"
	   sound.die=""
	   />

<ACTOR name="barricade_blue"
	   model="barricade_blue"
	   scale="0.55"
	   ai.fsm="barricade"
	   max_hp="700"
	   max_ap="700"
	   collision.radius="250" 
	   collision.height="110"
	   speed="1000"
	   rotspeed="4"
	   groggyRecoverPerSec="0"
	   neverblasted="true"
	   neverblasted.sound="Blitzkrieg/hit_barricade"
	   boss="false"
	   meshpicking="true"
	   type="barricade"
	   noshadow="true"
	   sound.die=""
	   />
	   
<!-- 레이더 -->
<ACTOR name="radar_red"
	   model="radar_red"
	   scale="0.7"
	   ai.fsm="radar_red"
	   max_hp="7000"
	   max_ap="0"
	   collision.radius="120" 
	   collision.height="400"
	   speed="1"
	   rotspeed="1"
	   groggyRecoverPerSec="0"
	   neverblasted="true"
	   neverblasted.sound="Blitzkrieg/hit_rader"
	   boss="true"
	   forced.collup120="true"
	   meshpicking="true"
	   grenadecollision="false"
	   type="radar"
	   sound.die="Blitzkrieg/radar_die"
	   />
	   
<ACTOR name="radar_blue"
	   model="radar_blue"
	   scale="0.7"
	   ai.fsm="radar_blue"
	   max_hp="7000"
	   max_ap="0"
	   collision.radius="120" 
	   collision.height="400"
	   speed="1"
	   rotspeed="1"
	   groggyRecoverPerSec="0"
	   neverblasted="true"
	   neverblasted.sound="Blitzkrieg/hit_rader"
	   boss="true"
	   forced.collup120="true"
	   meshpicking="true"
	   grenadecollision="false"
	   type="radar"
	   sound.die="Blitzkrieg/radar_die"
	   />
	   
<!-- 나이프병 -->
<ACTOR name="blitz_knifeman_red"
	   model="b_knifeman_red"
	   scale="0.95"
	   ai.fsm="blitz_knifeman"
	   max_hp="115"
	   max_ap="120"
	   collision.radius="40" 
	   collision.height="155"
	   speed="684"
	   rotspeed="6"
	   groggyRecoverPerSec="10"
	   neverblasted="false"
	   meshpicking="false"
	   grenadecollision="false"
	   type="knifeman"
	   sound.die="challenge_quest\guerilla_knifeman\guerilla_knifeman_die"
	   />
	   
<ACTOR name="blitz_knifeman_blue"
	   model="b_knifeman_blue"
	   scale="0.95"
	   ai.fsm="blitz_knifeman"
	   max_hp="115"
	   max_ap="120"
	   collision.radius="40" 
	   collision.height="155"
	   speed="684"
	   rotspeed="6"
	   groggyRecoverPerSec="10"
	   neverblasted="false"
	   meshpicking="false"
	   grenadecollision="false"
	   type="knifeman"
	   sound.die="challenge_quest\guerilla_knifeman\guerilla_knifeman_die"
	   />

<!-- 투척병 -->	   
<ACTOR name="blitz_throwman_red"
	   model="b_grenadier_red"
	   scale="0.95"
	   ai.fsm="blitz_throwman"
	   max_hp="115"
	   max_ap="120"
	   collision.radius="40" 
	   collision.height="155"
	   speed="570"
	   rotspeed="6"
	   groggyRecoverPerSec="10"
	   neverblasted="false"
	   meshpicking="false"
	   grenadecollision="false"
	   type="throwman"
	   sound.die="challenge_quest\guerilla_rifleman\guerilla_rifleman_die"
	   />
	     
<ACTOR name="blitz_throwman_blue"
	   model="b_grenadier_blue"
	   scale="0.95"
	   ai.fsm="blitz_throwman"
	   max_hp="115"
	   max_ap="120"
	   collision.radius="40" 
	   collision.height="155"
	   speed="570"
	   rotspeed="6"
	   groggyRecoverPerSec="10"
	   neverblasted="false"
	   meshpicking="false"
	   grenadecollision="false"
	   type="throwman"
	   sound.die="challenge_quest\guerilla_rifleman\guerilla_rifleman_die"
	   />
	   
<!-- 명예 아이템 -->	   
<ACTOR name="tresure1"
	   model="blitzbox"
	   ai.fsm="tresure"
	   max_hp="600"
	   max_ap="600"
	   collision.radius="95" 
	   collision.height="160"
	   speed="600"
	   rotspeed="6"
	   groggyRecoverPerSec="10"
	   neverblasted="true"
	   neverblasted.sound="fx_bullethit_mt_wod"
	   meshpicking="false"
	   type="honor_item"
	   sound.die="fx_explosion01"
	   />
	   
<ACTOR name="tresure2"
	   model="blitzbox"
	   ai.fsm="tresure"
	   max_hp="600"
	   max_ap="600"
	   collision.radius="95" 
	   collision.height="160"
	   speed="600"
	   rotspeed="6"
	   groggyRecoverPerSec="10"
	   neverblasted="true"
	   neverblasted.sound="fx_bullethit_mt_wod"
	   meshpicking="false"
	   type="honor_item"
	   sound.die="fx_explosion01"
	   />
	   
<ACTOR name="tresure3"
	   model="blitzbox"
	   ai.fsm="tresure"
	   max_hp="600"
	   max_ap="600"
	   collision.radius="95" 
	   collision.height="160"
	   speed="600"
	   rotspeed="6"
	   groggyRecoverPerSec="10"
	   neverblasted="true"
	   neverblasted.sound="fx_bullethit_mt_wod"
	   meshpicking="false"
	   type="honor_item"
	   sound.die="fx_explosion01"
	   />
	   
<ACTOR name="tresure4"
	   model="blitzbox"
	   ai.fsm="tresure"
	   max_hp="600"
	   max_ap="600"
	   collision.radius="95" 
	   collision.height="160"
	   speed="600"
	   rotspeed="6"
	   groggyRecoverPerSec="10"
	   neverblasted="true"
	   neverblasted.sound="fx_bullethit_mt_wod"
	   meshpicking="false"
	   type="honor_item"
	   sound.die="fx_explosion01"
	   />
	   
<!-- 전격전 광신도 -->
<ACTOR name="blitz_zealot_red"
	   model="b_zealot_red"
	   ai.fsm="blitz_zealot"
	   max_hp="600"
	   max_ap="600"
	   collision.radius="45" 
	   collision.height="165"
	   speed="400"
	   rotspeed="6"
	   groggyRecoverPerSec="40"
	   neverblasted="true"
	   neverblasted.sound="fx_bullethit_mt_fsh"
	   meshpicking="false"
	   grenadecollision="false"
	   type="zealot"
	   sound.die="challenge_quest\guerilla_knifeman\guerilla_knifeman_die"
	   />
<ACTOR name="blitz_zealot_blue"
	   model="b_zealot_blue"
	   ai.fsm="blitz_zealot"
	   max_hp="600"
	   max_ap="600"
	   collision.radius="45" 
	   collision.height="165"
	   speed="400"
	   rotspeed="6"
	   groggyRecoverPerSec="40"
	   neverblasted="true"
	   neverblasted.sound="fx_bullethit_mt_fsh"
	   meshpicking="false"
	   grenadecollision="false"
	   type="zealot"
	   sound.die="challenge_quest\guerilla_knifeman\guerilla_knifeman_die"
	   />

<!-- 전격전 클레릭 -->
<ACTOR name="blitz_cleric_red"
	   model="b_cleric_red"
	   ai.fsm="blitz_cleric"
	   max_hp="600"
	   max_ap="600"
	   collision.radius="45" 
	   collision.height="165"
	   speed="400"
	   rotspeed="6"
	   groggyRecoverPerSec="60"
	   neverblasted="true"
	   neverblasted.sound="fx_bullethit_mt_fsh"
	   meshpicking="false"
	   grenadecollision="false"
	   type="cleric"
	   sound.die="challenge_quest\guerilla_hunter\guerilla_hunter_die"
	   />
<ACTOR name="blitz_cleric_blue"
	   model="b_cleric_blue"
	   ai.fsm="blitz_cleric"
	   max_hp="600"
	   max_ap="600"
	   collision.radius="45" 
	   collision.height="165"
	   speed="400"
	   rotspeed="6"
	   groggyRecoverPerSec="60"
	   neverblasted="true"
	   neverblasted.sound="fx_bullethit_mt_fsh"
	   meshpicking="false"
	   grenadecollision="false"
	   type="cleric"
	   sound.die="challenge_quest\guerilla_hunter\guerilla_hunter_die"
	   />

<!-- 전격전 기사 -->
<ACTOR name="blitz_knight_red"
	   model="b_knight_red"
	   ai.fsm="blitz_knight"
	   max_hp="800"
	   max_ap="800"
	   collision.radius="45" 
	   collision.height="200"
	   speed="700"
	   rotspeed="6"
	   groggyRecoverPerSec="120"
	   neverblasted="true"
	   neverblasted.sound="fx_bullethit_mt_fsh"
	   meshpicking="false"
	   grenadecollision="false"
	   type="knight"
	   sound.die="challenge_quest\guerilla_psychic\guerilla_psychic_die"
	   />
<ACTOR name="blitz_knight_blue"
	   model="b_knight_blue"
	   ai.fsm="blitz_knight"
	   max_hp="800"
	   max_ap="800"
	   collision.radius="45" 
	   collision.height="200"
	   speed="700"
	   rotspeed="6"
	   groggyRecoverPerSec="120"
	   neverblasted="true"
	   neverblasted.sound="fx_bullethit_mt_fsh"
	   meshpicking="false"
	   grenadecollision="false"
	   type="knight"
	   sound.die="challenge_quest\guerilla_psychic\guerilla_psychic_die"
	   />

<!-- 전격전 종결자 -->
<ACTOR name="blitz_terminator_red"
	   model="b_terminator_red"
	   scale="1.4"
	   ai.fsm="blitz_terminator"
	   max_hp="6000"
	   max_ap="6000"
	   collision.radius="45" 
	   collision.height="220"
	   speed="480"
	   rotspeed="6"
	   groggyRecoverPerSec="0"
	   neverblasted="true"
	   neverblasted.sound="fx_bullethit_mt_fsh"
	   boss="false"
	   meshpicking="true"
	   grenadecollision="false"
	   type="terminator"
	   sound.die="challenge_quest\guerilla_general\guerilla_general_die"
	   />
<ACTOR name="blitz_terminator_blue"
	   model="b_terminator_blue"
	   scale="1.4"
	   ai.fsm="blitz_terminator"
	   max_hp="6000"
	   max_ap="6000"
	   collision.radius="45" 
	   collision.height="220"
	   speed="480"
	   rotspeed="6"
	   groggyRecoverPerSec="0"
	   neverblasted="true"
	   neverblasted.sound="fx_bullethit_mt_fsh"
	   boss="false"
	   meshpicking="true"
	   grenadecollision="false"
	   type="terminator"
	   sound.die="challenge_quest\guerilla_general\guerilla_general_die"
	   />
	   
<!-- 전격전 수호자 -->
<ACTOR name="guardian"
	   model="guardian"
	   ai.fsm="guardian"
	   max_hp="60000"
	   max_ap="60000"
	   collision.radius="1" 
	   collision.height="1"
	   speed="100"
	   rotspeed="6"
	   groggyRecoverPerSec="0"
	   neverblasted="true"
	   boss="false"
	   meshpicking="true"
	   grenadecollision="false"
	   noshadow="true"
	   type="guardian"
	   sound.die="challenge_quest/researchlab/lab_assasin_die"
	   />
	   
</XML>