<?xml version="1.0" encoding="UTF-8" ?>
<XML>  
<TIPS category="0">
	<MSG>Remember: Using 3rd-Party Programs is not allowed!</MSG>
	<MSG>Swapping is not allowed and will result in a permanent ban or character deletion.</MSG>
	<MSG>Did you type "/freestyle" yet?</MSG>
	<MSG>Thanks for playing, you guys are what Freestyle GunZ is!</MSG>
	<MSG>Why don't you tell your friends about FGunZ? Together you could make a Clan!</MSG>
    <MSG>Do you use a router? Try port forwarding to experience optimized network play.</MSG>
	<MSG>Our Homepage: http://fgunz.net/</MSG>
	<MSG>Is GunZ running slow on your computer? Use the optimization feature in the Options menu.</MSG>
	<MSG>Never give your password to anyone! The administrators will never ask you for your password!</MSG>
	<MSG>Harassment (persistently stalking or attacking a player through whispers) is not allowed.</MSG>
	<MSG>You can try all donation items for FREE via our website http://fgunz.net/</MSG>
</TIPS>    
</XML>
