﻿<?xml version="1.0" encoding="UTF-8"?>
<XML>
		<WORLDITEM id="01" name="hp01">
			<TYPE>hp</TYPE>
			<TIME>3000</TIME>
			<AMOUNT>20</AMOUNT>
			<MODELNAME>red</MODELNAME>
		</WORLDITEM>
		<WORLDITEM id="02" name="hp02">
			<TYPE>hp</TYPE>
			<TIME>5000</TIME>
			<AMOUNT>50</AMOUNT>
			<MODELNAME>red</MODELNAME>
		</WORLDITEM>
		<WORLDITEM id="03" name="hp03">
			<TYPE>hp</TYPE>
			<TIME>10000</TIME>
			<AMOUNT>100</AMOUNT>
			<MODELNAME>red</MODELNAME>
		</WORLDITEM>

		<WORLDITEM id="04" name="ap01">
			<TYPE>ap</TYPE>
			<TIME>3000</TIME>
			<AMOUNT>20</AMOUNT>
			<MODELNAME>green</MODELNAME>
		</WORLDITEM>
		<WORLDITEM id="05" name="ap02">
			<TYPE>ap</TYPE>
			<TIME>3000</TIME>
			<AMOUNT>50</AMOUNT>
			<MODELNAME>green</MODELNAME>
		</WORLDITEM>
		<WORLDITEM id="06" name="ap03">
			<TYPE>ap</TYPE>
			<TIME>10000</TIME>
			<AMOUNT>100</AMOUNT>
			<MODELNAME>green</MODELNAME>
		</WORLDITEM>

		<WORLDITEM id="07" name="bullet01">
			<TYPE>bullet</TYPE>
			<TIME>3000</TIME>
			<AMOUNT>1</AMOUNT>
			<MODELNAME>yellow</MODELNAME>
		</WORLDITEM>
		<WORLDITEM id="08" name="bullet02">
			<TYPE>bullet</TYPE>
			<TIME>3000</TIME>
			<AMOUNT>2</AMOUNT>
			<MODELNAME>yellow</MODELNAME>
		</WORLDITEM>


<!-- 서버 뿌려주는 아이템 id가 51이상이어야 한다. id 바뀌면 안됨 -->
		<WORLDITEM id="51" name="itembox">
			<TYPE>quest</TYPE>
			<TIME>3000</TIME>
			<AMOUNT>2</AMOUNT>
			<MODELNAME>itembox</MODELNAME>
		</WORLDITEM>


<!-- 플레이어가 뿌려주는 아이템 id는 100 이상이어야함 -->
		<WORLDITEM id="100" name="medikit">
			<TYPE>hp</TYPE>
			<AMOUNT>20</AMOUNT>
			<MODELNAME>medikit</MODELNAME>
		</WORLDITEM>

		<WORLDITEM id="110" name="repairkit">
			<TYPE>ap</TYPE>
			<AMOUNT>20</AMOUNT>
			<MODELNAME>repairkit</MODELNAME>
		</WORLDITEM>

		<WORLDITEM id="111" name="bulletkit">
			<TYPE>bullet</TYPE>
			<AMOUNT>1</AMOUNT>
			<MODELNAME>bulletkit</MODELNAME>
		</WORLDITEM>

		<WORLDITEM id="120" name="samgak01">
			<TYPE>hpap</TYPE>
			<AMOUNT>8</AMOUNT>
			<MODELNAME>samgak01</MODELNAME>
		</WORLDITEM>

		<WORLDITEM id="121" name="candy">
			<TYPE>hpap</TYPE>
			<AMOUNT>20</AMOUNT>
			<MODELNAME>candy</MODELNAME>
		</WORLDITEM>

		<WORLDITEM id="122" name="chocobar">
			<TYPE>hpap</TYPE>
			<AMOUNT>20</AMOUNT>
			<MODELNAME>chocobar</MODELNAME>
		</WORLDITEM>
		<WORLDITEM id="130" name="medickit_rx">
			<TYPE>hp</TYPE>
			<AMOUNT>20</AMOUNT>
			<MODELNAME>medickit_rx</MODELNAME>
		</WORLDITEM>
		<WORLDITEM id="131" name="repairkit">
			<TYPE>ap</TYPE>
			<AMOUNT>20</AMOUNT>
			<MODELNAME>repairkit_rx</MODELNAME>
		</WORLDITEM>
		<WORLDITEM id="132" name="icecream">
			<TYPE>hpap</TYPE>
			<AMOUNT>20</AMOUNT>
			<MODELNAME>icecream</MODELNAME>
		</WORLDITEM>
		<WORLDITEM id="133" name="turkey">
			<TYPE>hpap</TYPE>
			<AMOUNT>20</AMOUNT>
			<MODELNAME>turkey</MODELNAME>
		</WORLDITEM>
                <WORLDITEM id="126" name="Gift">
			<TYPE>hpap</TYPE>
			<AMOUNT>-30</AMOUNT>
			<MODELNAME>Gift</MODELNAME>
		</WORLDITEM>
		<WORLDITEM id="127" name="cheesecake">
			<TYPE>hpap</TYPE>
			<AMOUNT>20</AMOUNT>
			<MODELNAME>cheesecake</MODELNAME>
		</WORLDITEM>
		<WORLDITEM id="128" name="medickit_banana">
			<TYPE>hpap</TYPE>
			<AMOUNT>20</AMOUNT>
			<MODELNAME>medickit_banana</MODELNAME>
		</WORLDITEM>
		<WORLDITEM id="129" name="stroopwafels">
			<TYPE>hpap</TYPE>
			<AMOUNT>20</AMOUNT>
			<MODELNAME>stroopwafels</MODELNAME>
		</WORLDITEM>

                <WORLDITEM id="134" name="Collisions_Pizza">
			<TYPE>hpap</TYPE>
			<AMOUNT>20</AMOUNT>
			<MODELNAME>Collisions_Pizza</MODELNAME>
		</WORLDITEM>
		<WORLDITEM id="135" name="confrutos">
			<TYPE>hpap</TYPE>
			<AMOUNT>20</AMOUNT>
			<MODELNAME>confrutos</MODELNAME>
		</WORLDITEM>
		<WORLDITEM id="136" name="Blazin_Buffalo">
			<TYPE>hpap</TYPE>
			<AMOUNT>20</AMOUNT>
			<MODELNAME>Blazin_Buffalo</MODELNAME>
		</WORLDITEM>
		<WORLDITEM id="137" name="Cool_Ranch">
			<TYPE>hpap</TYPE>
			<AMOUNT>20</AMOUNT>
			<MODELNAME>Cool_Ranch</MODELNAME>
		</WORLDITEM>
		<WORLDITEM id="138" name="Doritos_Nacho">
			<TYPE>hpap</TYPE>
			<AMOUNT>20</AMOUNT>
			<MODELNAME>Doritos_Nacho</MODELNAME>
		</WORLDITEM>
		<WORLDITEM id="139" name="hot_cheeto">
			<TYPE>hpap</TYPE>
			<AMOUNT>20</AMOUNT>
			<MODELNAME>hot_cheeto</MODELNAME>
		</WORLDITEM>
		<WORLDITEM id="140" name="HersheyBar">
			<TYPE>hpap</TYPE>
			<AMOUNT>20</AMOUNT>
			<MODELNAME>HersheyBar</MODELNAME>
		</WORLDITEM>
		<WORLDITEM id="141" name="Yellowstickle">
			<TYPE>hpap</TYPE>
			<AMOUNT>20</AMOUNT>
			<MODELNAME>Yellowstickle</MODELNAME>
		</WORLDITEM>
		<WORLDITEM id="142" name="skittles">
			<TYPE>hpap</TYPE>
			<AMOUNT>20</AMOUNT>
			<MODELNAME>skittles</MODELNAME>
		</WORLDITEM>
		<WORLDITEM id="143" name="RedMushroom">
			<TYPE>hpap</TYPE>
			<AMOUNT>20</AMOUNT>
			<MODELNAME>RedMushroom</MODELNAME>
		</WORLDITEM>
		<WORLDITEM id="144" name="GreenMushroom">
			<TYPE>hpap</TYPE>
			<AMOUNT>20</AMOUNT>
			<MODELNAME>GreenMushroom</MODELNAME>
		</WORLDITEM>
		<WORLDITEM id="145" name="CupCake">
			<TYPE>hpap</TYPE>
			<AMOUNT>20</AMOUNT>
			<MODELNAME>CupCake</MODELNAME>
		</WORLDITEM>
			<WORLDITEM id="146" name="event_med">
			<TYPE>hpap</TYPE>
			<AMOUNT>20</AMOUNT>
			<MODELNAME>event_med</MODELNAME>
		</WORLDITEM>
<!-- 서버와 통신하지 않는 아이템 -->
		<WORLDITEM id="201" name="portal">   <!-- id를 바꾸면 소스도 바꿔야 한다. -->
			<TYPE>client</TYPE>
			<TIME>3000</TIME>
			<MODELNAME>portal</MODELNAME>
		</WORLDITEM>
		
<!-- CTF -->
		<WORLDITEM id="205" name="blueflag">   <!-- id를 바꾸면 소스도 바꿔야 한다. -->
			<TYPE>flag</TYPE>
			<TIME>5000</TIME>
			<MODELNAME>blueflag</MODELNAME>
		</WORLDITEM>
		
		<WORLDITEM id="206" name="redflag">   <!-- id를 바꾸면 소스도 바꿔야 한다. -->
			<TYPE>flag</TYPE>
			<TIME>5000</TIME>
			<MODELNAME>redflag</MODELNAME>
		</WORLDITEM>

		
		<MeshInfo>
			<AddWorldItemElu name ="yellow">
				<AddBaseModel name ="yellow" filename="model/worlditem/ef_yellow.elu"/>
				<AddAnimation name="play" filename="model/worlditem/ef_yellow.elu.ani" motion_type="0" motion_loop_type="loop" />
			</AddWorldItemElu>	
			
			<AddWorldItemElu name ="red">
				<AddBaseModel name ="red" filename="model/worlditem/ef_red.elu"/>
				<AddAnimation name="play" filename="model/worlditem/ef_red.elu.ani" motion_type="0" motion_loop_type="loop" />
			</AddWorldItemElu>	
			
			<AddWorldItemElu name ="green">
				<AddBaseModel name ="green" filename="model/worlditem/ef_green.elu"/>
				<AddAnimation name="play" filename="model/worlditem/ef_green.elu.ani" motion_type="0" motion_loop_type="loop" />
			</AddWorldItemElu>	

			<!-- 메디킷 -->
			<AddWorldItemElu name ="medikit">
				<AddBaseModel name ="medikit" filename="model/weapon/item/medikit.elu"/>
			</AddWorldItemElu>	

			<!-- 리페어킷 -->
			<AddWorldItemElu name ="repairkit">
				<AddBaseModel name ="repairkit" filename="model/weapon/item/repairkit.elu"/>
			</AddWorldItemElu>	

			<!-- 탄창킷 -->
			<AddWorldItemElu name ="bulletkit">
				<AddBaseModel name ="bulletkit" filename="model/weapon/item/medickit_samgak01.elu"/>
			</AddWorldItemElu>	

			<!-- 삼각김밥 -->
			<AddWorldItemElu name ="samgak01">
				<AddBaseModel name ="samgak01" filename="model/weapon/item/medickit_samgak01.elu"/>
			</AddWorldItemElu>	

			<!-- 삼각김밥 -->
			<AddWorldItemElu name ="chocobar">
				<AddBaseModel name ="chocobar" filename="model/weapon/item/medickit_choco.elu"/>
			</AddWorldItemElu>	

			<AddWorldItemElu name ="icecream">
				<AddBaseModel name ="icecream" filename="model/weapon/item/icecream.elu"/>
			</AddWorldItemElu>	

			<AddWorldItemElu name ="turkey">
				<AddBaseModel name ="medickit_turkey" filename="model/weapon/item/medickit_turkey.elu"/>
			</AddWorldItemElu>	

			<AddWorldItemElu name ="Gift">
				<AddBaseModel name ="chocobar" filename="model/weapon/item/Gift.elu"/>
			</AddWorldItemElu>

<!-- EDIT 2 -->
<!-- EDIT 2 -->
<!-- EDIT 2 -->
<!-- EDIT 2 -->
<!-- EDIT 2 -->
<!-- EDIT 2 -->
<!-- EDIT 2 -->
<!-- EDIT 2 -->
			<!-- ???? -->
			<AddWorldItemElu name ="Collisions_Pizza">
				<AddBaseModel name ="Collisions_Pizza" filename="model/weapon/item/Collisions_Pizza.elu"/>
			</AddWorldItemElu>
			
			<!-- ???? -->
			<AddWorldItemElu name ="confrutos">
				<AddBaseModel name ="confrutos" filename="model/weapon/item/confrutos.elu"/>
			</AddWorldItemElu>
			<!-- ???? -->
			<AddWorldItemElu name ="Blazin_Buffalo">
				<AddBaseModel name ="Blazin_Buffalo" filename="model/weapon/item/Blazin_Buffalo.elu"/>
			</AddWorldItemElu>
			<!-- ???? -->
			<AddWorldItemElu name ="Cool_Ranch">
				<AddBaseModel name ="Cool_Ranch" filename="model/weapon/item/Cool_Ranch.elu"/>
			</AddWorldItemElu>
			<!-- ???? -->
			<AddWorldItemElu name ="Doritos_Nacho">
				<AddBaseModel name ="Doritos_Nacho" filename="model/weapon/item/Doritos_Nacho.elu"/>
			</AddWorldItemElu>
			<!-- ???? -->
			<AddWorldItemElu name ="hot_cheeto">
				<AddBaseModel name ="hot_cheeto" filename="model/weapon/item/hot_cheeto.elu"/>
			</AddWorldItemElu>
			<!-- ???? -->
			<AddWorldItemElu name ="HersheyBar">
				<AddBaseModel name ="HersheyBar" filename="model/weapon/item/HersheyBar.elu"/>
			</AddWorldItemElu>
			<!-- ???? -->
			<AddWorldItemElu name ="Yellowstickle">
				<AddBaseModel name ="Yellowstickle" filename="model/weapon/item/popstickle.elu"/>
			</AddWorldItemElu>
			<!-- ???? -->
			<AddWorldItemElu name ="skittles">
				<AddBaseModel name ="skittles" filename="model/weapon/item/skittles.elu"/>
			</AddWorldItemElu>
			<AddWorldItemElu name ="GreenMushroom">
				<AddBaseModel name ="GreenMushroom" filename="model/weapon/item/GreenMushroom.elu"/>
			</AddWorldItemElu>
			<AddWorldItemElu name ="RedMushroom">
				<AddBaseModel name ="RedMushroom" filename="model/weapon/item/RedMushroom.elu"/>
			</AddWorldItemElu>
			<AddWorldItemElu name ="CupCak">
				<AddBaseModel name ="CupCak" filename="model/weapon/item/CupCake.elu"/>
			</AddWorldItemElu>

      <!-- 포탈 -->
			<AddWorldItemElu name ="portal">
				<AddBaseModel name ="portal" filename="model/worlditem/ef_portal.elu"/>
				<AddAnimation name="play" filename="model/worlditem/ef_portal.elu.ani" motion_type="0" motion_loop_type="loop" />
			</AddWorldItemElu>	

			<!-- 아이템박스 -->
			<AddWorldItemElu name ="itembox">
				<AddBaseModel name ="itembox" filename="model/worlditem/ef_box.elu"/>
				<AddAnimation name="play" filename="model/worlditem/ef_box_open.elu.ani" motion_type="0" motion_loop_type="lastframe" />
				<AddAnimation name="playloop" filename="model/worlditem/ef_box_opened.elu.ani" motion_type="0" motion_loop_type="loop" />
			</AddWorldItemElu>	
						
			<AddWorldItemElu name ="baseEffect">
				<AddBaseModel name ="baseEffect" filename="model/worlditem/ef_prop.elu"/>
				<AddAnimation name="play" filename="model/worlditem/ef_prop.elu.ani" motion_type="0" motion_loop_type="loop" />
			</AddWorldItemElu>
			
	<!-- CTF -->
		<AddWorldItemElu name="redflag">
			<AddBaseModel name="redflag" filename="model/worlditem/ef_ctf_r.elu"/>
			<AddAnimation name="play" filename="model/worlditem/ef_ctf.elu.ani" motion_type="0" motion_loop_type="loop" />
		</AddWorldItemElu>	
		<AddWorldItemElu name="blueflag">
			<AddBaseModel name="blueflag" filename="model/worlditem/ef_ctf_b.elu"/>
			<AddAnimation name="play" filename="model/worlditem/ef_ctf.elu.ani" motion_type="0" motion_loop_type="loop" />
		</AddWorldItemElu>
	
		</MeshInfo>
</XML>

