﻿<?xml version="1.0" encoding="UTF-8" ?>
<XML ID="Equipment">
	<Schema xmlns="MaietData" xmlns:dt="MaietDataTypes" />

<!--
   Equipment 화면 구성
   
   Last Update : 12 DEC 2015
   Editor      : StephanM
-->
	

<!-- FRAME : Equipment 화면 구성 -->
	<FRAME item="Equipment">
		<FRAMELOOK>NullFrameLook</FRAMELOOK>
		<BOUNDS>
			<X>0</X>
			<Y>0</Y>
			<W>800</W>
			<H>600</H>
		</BOUNDS>
		<TITLEBAR>false</TITLEBAR>
		<RESIZABLE>false</RESIZABLE>
		<FOCUSABLE>false</FOCUSABLE>
		<VISIBLE>false</VISIBLE>
	</FRAME>
	
	<!-- Picture : 상단 바탕화면 이미지 -->
	<PICTURE item="Equip_MainBG" parent="Equipment">
		<BOUNDS>
			<X>0</X>
			<Y>0</Y>
			<W>800</W>
			<H>600</H>
		</BOUNDS>
		<STRETCH/>
		<BITMAP>fgbgx2.dds</BITMAP>
	</PICTURE>

	<!-- Picture : 좌측 상단 GUNZ 로고 -->
	<PICTURE item="Equip_Logo" parent="Equipment">
		<BOUNDS>
			<X>10</X>
			<Y>3</Y>
			<W>164</W>
			<H>76</H>
		</BOUNDS>
		<STRETCH/>
		<BITMAP>gunz_logo_hq.png</BITMAP>
	</PICTURE>
	
	<PICTURE item="Equip_CharBG" parent="Equipment">
		<BOUNDS>
			<X>0</X>
			<Y>107</Y>
			<W>800</W>
			<H>431</H>
		</BOUNDS>
		<STRETCH/>
		<BITMAP>charbg.png</BITMAP>
	</PICTURE>

	<!-- CHARACTERVIEW : 캐릭터 뷰 -->
	<CHARACTERVIEW item="EquipmentInformation" parent="Equipment">
		<BOUNDS>
			<X>0</X>
			<Y>120</Y>
			<W>460</W>
			<H>420</H>
		</BOUNDS>
		<STRETCH/>
		<VISIBLEEQUIPMENT>true</VISIBLEEQUIPMENT>
	</CHARACTERVIEW>

<!-- 프레임 생성 : Main Window -->
	<FRAME item="Equip_Main_Frame" parent="Equipment">
		<FRAMELOOK>Custom2FrameLook</FRAMELOOK>
		<BOUNDS>
			<X>0</X>
			<Y>92</Y>
			<W>800</W>
			<H>467</H>
		</BOUNDS>
		<TITLEBAR>false</TITLEBAR>
		<RESIZABLE>false</RESIZABLE>
		<FOCUSABLE>false</FOCUSABLE>
		<VISIBLE>true</VISIBLE>
	</FRAME>
	
	<!-- Picture : 장비 정보 표시창 이미지 출력 -->
	<PICTURE item ="Equip_MessageBG" parent="Equipment">
		<BOUNDS>
			<X>18</X>
			<Y>83</Y>
			<W>425</W>
			<H>35</H>
		</BOUNDS>
		<STRETCH/>
		<BITMAP>title_bar2.tga</BITMAP>
	</PICTURE>
	
	<!-- Label : 장비 정보 표시 -->
	<LABEL item="Equip_Message" parent="Equipment">
		<FONT>FONTa10b</FONT>
		<TEXTCOLOR>
			<R>210</R>
			<G>210</G>
			<B>210</B>
		</TEXTCOLOR>
		<BOUNDS>
			<X>40</X>
			<Y>88</Y>
			<W>380</W>
			<H>20</H>
		</BOUNDS>
		<TEXT>Equipment</TEXT>
	</LABEL>

	<!-- Picture : 장비 프레임 이미지 출력 -->
	<PICTURE item ="Equip_Frame" parent="Equipment">
		<BOUNDS>
			<X>327</X>
			<Y>175</Y>
			<W>464</W>
			<H>364</H>
		</BOUNDS>
		<STRETCH/>
		<BITMAP>framepanel.tga</BITMAP>
	</PICTURE>
	
	<!-- Picture : 탭 라밸 이미지 출력 -->
	<PICTURE item ="Equip_TabLabel" parent="Equipment">
		<BOUNDS>
			<X>327</X>
			<Y>106</Y>
			<W>464</W>
			<H>70</H>
		</BOUNDS>
		<STRETCH/>
		<BITMAP>framepaneltab1.tga</BITMAP>
	</PICTURE>

	<!-- BMBUTTON : 내 장비 탭 버튼 -->
	<BMBUTTON item="Equipment_CharacterTab" parent="Equipment">
		<BOUNDS>
			<X>359</X>
			<Y>112</Y>
			<W>98</W>
			<H>23</H>
		</BOUNDS>
		<STRETCH/>
		<BITMAP type="up">equip_myequip_off.tga</BITMAP>
		<BITMAP type="over">equip_myequip_on.tga</BITMAP>
		<BITMAP type="down">equip_myequip_on.tga</BITMAP>
	</BMBUTTON>		
	
	<!-- Picture : 내 장비 프레임 탭 라벨 -->
	<PICTURE item ="Equipment_FrameTabLabel1" parent="Equipment">
		<BOUNDS>
			<X>359</X>
			<Y>107</Y>
			<W>98</W>
			<H>23</H>
		</BOUNDS>
		<STRETCH/>
		<VISIBLE>false</VISIBLE>
		<BITMAP>equip_myequip_on.tga</BITMAP>
	</PICTURE>
	
	<!-- BMBUTTON : 중앙은행 탭 버튼 -->
	<BMBUTTON item="Equipment_AccountTab" parent="Equipment">
		<BOUNDS>
			<X>466</X>
			<Y>112</Y>
			<W>98</W>
			<H>23</H>
		</BOUNDS>
		<STRETCH/>
		<BITMAP type="up">equip_centralbank_off.tga</BITMAP>
		<BITMAP type="over">equip_centralbank_on.tga</BITMAP>
		<BITMAP type="down">equip_centralbank_on.tga</BITMAP>
	</BMBUTTON>

	<!-- Picture : 중앙은행 탭 라벨 출력 -->
	<PICTURE item ="Equipment_FrameTabLabel2" parent="Equipment">
		<BOUNDS>
			<X>466</X>
			<Y>107</Y>
			<W>98</W>
			<H>23</H>
		</BOUNDS>
		<STRETCH/>
		<VISIBLE>false</VISIBLE>
		<BITMAP>equip_centralbank_on.tga</BITMAP>
	</PICTURE>

	<!-- EQUIPMENTLISTBOX : 내 장비 목록 -->
	<EQUIPMENTLISTBOX item="EquipmentList" parent="Equipment">
		<LISTBOXLOOK>EquipListBoxLook</LISTBOXLOOK>
		<ARROWLOOK>CustomtArrowLook</ARROWLOOK>
		<THUMBLOOK>CustomThumbLook</THUMBLOOK>
		<BOUNDS>
			<X>363</X>
			<Y>177</Y>
			<W>416</W>
			<H>267</H>
		</BOUNDS>
		<STRETCH/>
		<NUMCOLUMN>2</NUMCOLUMN>
	</EQUIPMENTLISTBOX>
	
	<!-- LABEL : 장비 종류 -->
	<LABEL item="lavel" parent="Equipment">
		<FONT>FONTa9</FONT>
		<TEXTCOLOR>
			<R>205</R>
			<G>205</G>
			<B>205</B>
		</TEXTCOLOR>
		<BOUNDS>
			<X>354</X>
			<Y>145</Y>
			<W>70</W>
			<H>25</H>
		</BOUNDS>
		<TEXT>Filter:</TEXT>
	</LABEL>
		
	<!-- COMBOBOX : 종류별로 보기 -->
	<COMBOBOX item="Equip_AllEquipmentFilter" parent="Equipment">
		<BUTTONLOOK>ListBoxButtonLook</BUTTONLOOK>
		<LISTBOXLOOK>CustomListBoxLook</LISTBOXLOOK>
		<FONT>FONTa9</FONT>
		<TEXTCOLOR>
			<R>205</R>
			<G>205</G>
			<B>205</B>
		</TEXTCOLOR>
		<TEXTALIGN>
			<HALIGN>left</HALIGN>
			<VALIGN>left</VALIGN>
		</TEXTALIGN>
		<BOUNDS>
			<X>387</X>
			<Y>145</Y>
			<W>100</W>
			<H>25</H>
		</BOUNDS>
		<LISTITEM selected="true">Show All</LISTITEM>
		<LISTITEM>1: Head</LISTITEM>			
		<LISTITEM>1: Body</LISTITEM>					
		<LISTITEM>1: Hands</LISTITEM>					
		<LISTITEM>1: Legs</LISTITEM>					
		<LISTITEM>1: Feet</LISTITEM>			
		<LISTITEM>1: Rings</LISTITEM>				
		<LISTITEM>1: Avatars</LISTITEM>				
		<LISTITEM>2: Melee Weapons</LISTITEM>				
		<LISTITEM>2: Ranged Weapons</LISTITEM>					
		<LISTITEM>2: Special Weapon Items</LISTITEM>				
		<LISTITEM>3: Quest Items</LISTITEM>				
		<LISTITEM>3: Gamble Items</LISTITEM>				
		<LISTITEM>3: Enchant Items</LISTITEM>					
		<LISTITEM>3: Misc Items</LISTITEM>				
		<ITEMHEIGHT>18</ITEMHEIGHT>
		<DROPSIZE>400</DROPSIZE>
	</COMBOBOX>
	
	<!-- LABEL : 장비 종류 -->
	<LABEL item="label_subfilter" parent="Equipment">
		<FONT>FONTa9</FONT>
		<TEXTCOLOR>
			<R>205</R>
			<G>205</G>
			<B>205</B>
		</TEXTCOLOR>
		<BOUNDS>
			<X>497</X>
			<Y>145</Y>
			<W>50</W>
			<H>25</H>
		</BOUNDS>
		<TEXT>Sub:</TEXT>
	</LABEL>
	
	<!-- COMBOBOX : 종류별로 보기 -->
	<COMBOBOX item="Equip_AllEquipmentSubFilter" parent="Equipment">
		<BUTTONLOOK>ListBoxButtonLook</BUTTONLOOK>
		<LISTBOXLOOK>CustomListBoxLook</LISTBOXLOOK>
		<FONT>FONTa9</FONT>
		<TEXTCOLOR>
			<R>205</R>
			<G>205</G>
			<B>205</B>
		</TEXTCOLOR>
		<TEXTALIGN>
			<HALIGN>left</HALIGN>
			<VALIGN>left</VALIGN>
		</TEXTALIGN>
		<BOUNDS>
			<X>526</X>
			<Y>145</Y>
			<W>100</W>
			<H>25</H>
		</BOUNDS>
		<LISTITEM selected="true">Select Filter</LISTITEM>
		<ITEMHEIGHT>18</ITEMHEIGHT>
		<DROPSIZE>200</DROPSIZE>
	</COMBOBOX>

	<!-- EQUIPMENTLISTBOX : 중앙 은행 장비 목록 -->
	<EQUIPMENTLISTBOX item="AccountItemList" parent="Equipment">
		<LISTBOXLOOK>EquipListBoxLook</LISTBOXLOOK>
		<ARROWLOOK>CustomtArrowLook</ARROWLOOK>
		<THUMBLOOK>CustomThumbLook</THUMBLOOK>
		<BOUNDS>
			<X>363</X>
			<Y>177</Y>
			<W>416</W>
			<H>267</H>
		</BOUNDS>
		<STRETCH/>
		<NUMCOLUMN>2</NUMCOLUMN>
	</EQUIPMENTLISTBOX>

	<!-- Picture : 리스트 라벨 출력 1 -->
	<!--<PICTURE item ="Equip_ListLabel1" parent="Equipment">
		<BOUNDS>
			<X>370</X>
			<Y>53</Y>
			<W>223</W>
			<H>34</H>
		</BOUNDS>
		<STRETCH/>
		<BITMAP>listlabel.tga</BITMAP>
	</PICTURE>
	-->

	<!-- Picture : 리스트 라벨 출력2 -->
	<!--<PICTURE item ="Equip_ListLabel2" parent="Equipment">
		<BOUNDS>
			<X>370</X>
			<Y>53</Y>
			<W>223</W>
			<H>34</H>
		</BOUNDS>
		<STRETCH/>
		<BITMAP>listlabel.tga</BITMAP>
	</PICTURE>
	-->

 	<!-- BMBUTTON : 장비 구입 버튼 -->
	<BMBUTTON item="SwitchViewCaller" parent="Equipment">
		<BOUNDS>
			<X>352</X>
			<Y>453</Y>
			<W>82</W>
			<H>32</H>
		</BOUNDS>
		<STRETCH/>
		<TOOLTIP>Switch View</TOOLTIP>
		<BITMAP type="up">shop_eye_off.tga</BITMAP>
		<BITMAP type="over">shop_eye_on.tga</BITMAP>
		<BITMAP type="down">shop_eye_on.tga</BITMAP>
	</BMBUTTON>

	<!-- BUTTON : 장비 장착하기 버튼 -->
	<BUTTON item="Equip" parent="Equipment">
		<BUTTONLOOK>DefaultButtonLook</BUTTONLOOK>
		<BOUNDS>
			<X>445</X>
			<Y>452</Y>
			<W>50</W>
			<H>30</H>
		</BOUNDS>
		<STRETCH/>
		<DEFAULTKEY>ENTER</DEFAULTKEY>
		<TEXT>STR:UI_EQUIPMENT_02</TEXT> <!-- 장착 -->
	</BUTTON>	

	
	<BUTTON item="SacEquipConfirmCaller" parent="Equipment">
		<BUTTONLOOK>DefaultButtonLook</BUTTONLOOK>
		<BOUNDS>
			<X>500</X>
			<Y>452</Y>
			<W>50</W>
			<H>30</H>
		</BOUNDS>
		<STRETCH/>
		<TEXT>Sacrifice</TEXT> <!-- 판매(&amp;S) -->
	</BUTTON>
	
	<LABEL item="eq_label_search" parent="Equipment">
		<FONT>FONTa9</FONT>
		<TEXTCOLOR>
			<R>205</R>
			<G>205</G>
			<B>205</B>
		</TEXTCOLOR>
		<BOUNDS>
			<X>640</X>
			<Y>145</Y>
			<W>50</W>
			<H>25</H>
		</BOUNDS>
		<TEXT>Search:</TEXT>
	</LABEL>
	
    <LISTBOX item="Eq_search_listbox" parent="Equipment">
		<LISTBOXLOOK>EquipListBoxLook</LISTBOXLOOK>
		<BOUNDS>
			<X>683</X>
			<Y>145</Y>
			<W>100</W>
			<H>25</H>
		</BOUNDS>
		<ENABLE>FALSE</ENABLE>
	</LISTBOX>
	
	<EDIT item="Equip_Search" parent="Equipment">
			<FONT>FONTb11b</FONT>
		<TEXTCOLOR>
			<R>210</R>
			<G>210</G>
			<B>210</B>
		</TEXTCOLOR>
		<BOUNDS>
			<X>683</X>
			<Y>145</Y>
			<W>100</W>
			<H>25</H>
		</BOUNDS>
	</EDIT>
	
	<!-- BUTTON : 중앙은행으로 보내기 버튼 -->
	<BUTTON item="SendAccountItemBtn" parent="Equipment">
		<BUTTONLOOK>DefaultButtonLook</BUTTONLOOK>
		<BOUNDS>
			<X>555</X>
			<Y>452</Y>
			<W>80</W>
			<H>30</H>
		</BOUNDS>
		<STRETCH/>
		<TEXT>STR:UI_EQUIPMENT_03</TEXT> <!-- 중앙은행에 보냄 -->
	</BUTTON>	

	<!-- BUTTON : 장비 가져오기 버튼 -->
	<BUTTON item="BringAccountItemBtn" parent="Equipment">
		<BUTTONLOOK>DefaultButtonLook</BUTTONLOOK>
		<BOUNDS>
			<X>555</X>
			<Y>452</Y>
			<W>80</W>
			<H>30</H>
		</BOUNDS>
		<STRETCH/>
		<DEFAULTKEY>ENTER</DEFAULTKEY>
		<TEXT>STR:UI_EQUIPMENT_04</TEXT> <!-- 내 장비로 가져오기 -->
	</BUTTON>	

	<!-- TEXTAREA : 캐릭터 정보 표시 (1단)-->
	<TEXTAREA item="Equip_MyInfo1" parent="Equipment">
		<BOUNDS>
			<X>358</X>
			<Y>505</Y>
			<W>140</W>
			<H>48</H>
		</BOUNDS>
		<VISIBLE>true</VISIBLE>
		<EDITABLE>false</EDITABLE>
	</TEXTAREA>
	
	<!-- TEXTAREA : 캐릭터 정보 표시 (2단)-->
	<TEXTAREA item="Equip_MyInfo2" parent="Equipment">
		<BOUNDS>
			<X>498</X>
			<Y>505</Y>
			<W>140</W>
			<H>48</H>
		</BOUNDS>
		<VISIBLE>true</VISIBLE>
		<EDITABLE>false</EDITABLE>
	</TEXTAREA>
	
	<!-- TEXTAREA : 캐릭터 정보 표시 (3단)-->
	<TEXTAREA item="Equip_MyInfo3" parent="Equipment">
		<BOUNDS>
			<X>638</X>
			<Y>505</Y>
			<W>140</W>
			<H>48</H>
		</BOUNDS>
		<VISIBLE>true</VISIBLE>
		<EDITABLE>false</EDITABLE>
	</TEXTAREA>

	<!-- LABEL : Weight 표시 - [ 장비 무게 ]
	<LABEL item="label" parent="Equipment">
		<FONT>FONTa9b</FONT>
		<TEXTCOLOR>
			<R>205</R>
			<G>205</G>
			<B>205</B>
		</TEXTCOLOR>
		<BOUNDS>
			<X>326</X>
			<Y>111</Y>
			<W>125</W>
			<H>32</H>
		</BOUNDS>
		<TEXT>STR:UI_EQUIPMENT_06</TEXT>
	</LABEL> -->
	
	<!-- LABEL : 무게 표시 라벨 - 0  /  0 Wt.
	<LABEL item="Equip_MyInfo" parent="Equipment">
		<FONT>FONTa9</FONT>
		<TEXTCOLOR>
			<R>170</R>
			<G>170</G>
			<B>170</B>
		</TEXTCOLOR>
		<BOUNDS>
			<X>333</X>
			<Y>126</Y>
			<W>125</W>
			<H>32</H>
		</BOUNDS>
		<TEXT>STR:UI_EQUIPMENT_07</TEXT>
	</LABEL> -->

	<!-- LABEL : LV/HP/AP 표시 - [ 레벨/체력/방어 ]
	<LABEL item="label" parent="Equipment">
		<FONT>FONTa9b</FONT>
		<TEXTCOLOR>
			<R>205</R>
			<G>205</G>
			<B>205</B>
		</TEXTCOLOR>
		<BOUNDS>
			<X>326</X>
			<Y>152</Y>
			<W>125</W>
			<H>32</H>
		</BOUNDS>
		<TEXT>STR:UI_EQUIPMENT_08</TEXT>
	</LABEL> -->
	
	<!-- LABEL : LV/HP/AP 표시 라벨 - 0Lv.  /  0  /  0
	<LABEL item="Equip_MyInfo2" parent="Equipment">
		<FONT>FONTa9</FONT>
		<TEXTCOLOR>
			<R>170</R>
			<G>170</G>
			<B>170</B>
		</TEXTCOLOR>
		<BOUNDS>
			<X>335</X>
			<Y>167</Y>
			<W>125</W>
			<H>32</H>
		</BOUNDS>
		<TEXT>STR:UI_EQUIPMENT_09</TEXT>
	</LABEL> -->
	
	
<!-- 선택한 장비 표시창 -->
	<!-- PICTURE : 선택한 장비 아이콘 -->
	<!--<PICTURE item ="Equip_ItemIcon" parent="Equipment">
		<BOUNDS>
			<X>337</X>
			<Y>207</Y>
			<W>32</W>
			<H>32</H>
		</BOUNDS>
		<STRETCH/>
		<BITMAP></BITMAP>
	</PICTURE>
	-->
	
	<!-- TEXTAREA : 장비 설명 -->
	<TEXTAREA item="Equip_ItemDescription" parent="Equipment">
		<BOUNDS>
			<X>0</X>
			<Y>0</Y>
			<W>280</W>
			<H>260</H>
		</BOUNDS>
		<VISIBLE>false</VISIBLE>
		<EDITABLE>false</EDITABLE>
	</TEXTAREA>


	
<!-- 장비 리스트 -->
	<FRAME item="Equip_MyEquipListFrame" parent="Equipment">
		<FRAMELOOK>NullFrameLook</FRAMELOOK>
		<BOUNDS>
			<X>5</X>
			<Y>94</Y>
			<W>300</W>
			<H>450</H>
		</BOUNDS>
		<TEXT></TEXT>
		<TITLEBAR>false</TITLEBAR>
		<RESIZABLE>false</RESIZABLE>
		<MOVABLE>false</MOVABLE>
		<FOCUSABLE>false</FOCUSABLE>
		<VISIBLE>true</VISIBLE>
	</FRAME>

	<!-- BMBUTTON : 장착된 장비 탭 버튼 -->
	<BMBUTTON item="Equip_ArmorEquipmentTab" parent="Equip_MyEquipListFrame">
		<BOUNDS>
			<X>2</X>
			<Y>26</Y>
			<W>27</W>
			<H>20</H>
		</BOUNDS>
		<STRETCH/>
		<PUSHBUTTON/>
		<GROUP>ArmorWeaponTabEquipDlg</GROUP>
		<TOOLTIP>STR:UI_SHOP_24</TOOLTIP>
		<BITMAP type="up">equiptab_armor_off.tga</BITMAP>
		<BITMAP type="over">equiptab_armor_over.tga</BITMAP>
		<BITMAP type="down">equiptab_armor_on.tga</BITMAP>
	</BMBUTTON>

	<BMBUTTON item="Equip_WeaponEquipmentTab" parent="Equip_MyEquipListFrame">
		<BOUNDS>
			<X>32</X>
			<Y>26</Y>
			<W>27</W>
			<H>20</H>
		</BOUNDS>
		<STRETCH/>
		<PUSHBUTTON/>
		<SETCHECK/>
		<GROUP>ArmorWeaponTabEquipDlg</GROUP>
		<TOOLTIP>STR:UI_SHOP_25</TOOLTIP>
		<BITMAP type="up">equiptab_weapon_off.tga</BITMAP>
		<BITMAP type="over">equiptab_weapon_over.tga</BITMAP>
		<BITMAP type="down">equiptab_weapon_on.tga</BITMAP>
	</BMBUTTON>
	
	<BMBUTTON item="Equip_MiscEquipmentTab" parent="Equip_MyEquipListFrame">
		<BOUNDS>
			<X>62</X>
			<Y>26</Y>
			<W>27</W>
			<H>20</H>
		</BOUNDS>
		<STRETCH/>
		<PUSHBUTTON/>
		<SETCHECK/>
		<GROUP>ArmorWeaponTabEquipDlg</GROUP>
		<TOOLTIP>Misc. Equipment</TOOLTIP>
		<BITMAP type="up">equiptab_weapon_off.tga</BITMAP>
		<BITMAP type="over">equiptab_weapon_over.tga</BITMAP>
		<BITMAP type="down">equiptab_weapon_on.tga</BITMAP>
	</BMBUTTON>

	<!-- Picture : 리스트 프레임 배경 이미지(Close) - 일반 아이템일 경우 -->
	<PICTURE item="Equip_ArmorBGListFrameClose" parent="Equip_MyEquipListFrame">
		<BOUNDS>
			<X>2</X>
			<Y>46</Y>
			<W>72</W>
			<H>396</H>
		</BOUNDS>
		<STRETCH/>
		<VISIBLE>false</VISIBLE>
		<BITMAP>listframeclose.tga</BITMAP>
	</PICTURE>

	<!-- Picture : 리스트 프레임 배경 이미지(Open) - 일반 아이템일 경우 -->
	<PICTURE item="Equip_ArmorBGListFrameOpen" parent="Equip_MyEquipListFrame">
		<BOUNDS>
			<X>2</X>
			<Y>46</Y>
			<W>265</W>
			<H>396</H>
		</BOUNDS>
		<STRETCH/>
		<BITMAP>listframeopen.tga</BITMAP>
	</PICTURE>

	<!-- Picture : 리스트 프레임 배경 이미지(Close) - 캡슐 아이템일 경우 -->
	<PICTURE item="Equip_WeaponBGListFrameClose" parent="Equip_MyEquipListFrame">
		<BOUNDS>
			<X>2</X>
			<Y>46</Y>
			<W>72</W>
			<H>396</H>
		</BOUNDS>
		<STRETCH/>
		<VISIBLE>false</VISIBLE>
		<BITMAP>listframeclose.tga</BITMAP>
	</PICTURE>

	<!-- Picture : 리스트 프레임 배경 이미지(Open) - 캡슐 아이템일 경우 -->
	<PICTURE item="Equip_WeaponBGListFrameOpen" parent="Equip_MyEquipListFrame">
		<BOUNDS>
			<X>2</X>
			<Y>46</Y>
			<W>265</W>
			<H>396</H>
		</BOUNDS>
		<STRETCH/>
		<BITMAP>listframeopen.tga</BITMAP>
	</PICTURE>
	
		<!-- Picture : 리스트 프레임 배경 이미지(Close) - 캡슐 아이템일 경우 -->
	<PICTURE item="Equip_MiscBGListFrameClose" parent="Equip_MyEquipListFrame">
		<BOUNDS>
			<X>2</X>
			<Y>46</Y>
			<W>72</W>
			<H>396</H>
		</BOUNDS>
		<STRETCH/>
		<VISIBLE>false</VISIBLE>
		<BITMAP>listframeclose.tga</BITMAP>
	</PICTURE>

	<!-- Picture : 리스트 프레임 배경 이미지(Open) - 캡슐 아이템일 경우 -->
	<PICTURE item="Equip_MiscBGListFrameOpen" parent="Equip_MyEquipListFrame">
		<BOUNDS>
			<X>2</X>
			<Y>46</Y>
			<W>265</W>
			<H>396</H>
		</BOUNDS>
		<STRETCH/>
		<BITMAP>listframeopen.tga</BITMAP>
	</PICTURE>

	<!-- ITEMSLOT : 머리 -->
	<ITEMSLOT item="Equip_EquipmentSlot_Head" parent="Equip_MyEquipListFrame" parts="head">
		<BOUNDS>
			<X>10</X>
			<Y>52</Y>
			<W>70</W>
			<H>40</H>
		</BOUNDS>
		<STRETCH/>
		<BITMAP>slot_empty.tga</BITMAP>			
	</ITEMSLOT>

	<!-- ITEMSLOT : 가슴 -->
	<ITEMSLOT item="Equip_EquipmentSlot_Chest" parent="Equip_MyEquipListFrame" parts="chest">
		<BOUNDS>
			<X>10</X>
			<Y>95</Y>
			<W>70</W>
			<H>40</H>
		</BOUNDS>
		<STRETCH/>
		<BITMAP>slot_empty.tga</BITMAP>	
	</ITEMSLOT>

	<!-- ITEMSLOT : 손 -->
	<ITEMSLOT item="Equip_EquipmentSlot_Hands" parent="Equip_MyEquipListFrame" parts="hands">
		<BOUNDS>
			<X>10</X>
			<Y>138</Y>
			<W>70</W>
			<H>40</H>
		</BOUNDS>
		<STRETCH/>
		<BITMAP>slot_empty.tga</BITMAP>
	</ITEMSLOT>

	<!-- ITEMSLOT : 다리 -->
	<ITEMSLOT item="Equip_EquipmentSlot_Legs" parent="Equip_MyEquipListFrame" parts="legs">
		<BOUNDS>
			<X>10</X>
			<Y>181</Y>
			<W>70</W>
			<H>40</H>
		</BOUNDS>
		<STRETCH/>
		<BITMAP>slot_empty.tga</BITMAP>	
	</ITEMSLOT>
	
	<!-- ITEMSLOT : 발 -->
	<ITEMSLOT item="Equip_EquipmentSlot_Feet" parent="Equip_MyEquipListFrame" parts="feet">
		<BOUNDS>
			<X>10</X>
			<Y>224</Y>
			<W>70</W>
			<H>40</H>
		</BOUNDS>
		<STRETCH/>
		<BITMAP>slot_empty.tga</BITMAP>	
	</ITEMSLOT>
	
	<!-- ITEMSLOT : 머리 -->
	<ITEMSLOT item="Equip_EquipmentSlot_AvatarHead" parent="Equip_MyEquipListFrame" parts="avatarhead">
		<BOUNDS>
			<X>80</X>
			<Y>52</Y>
			<W>70</W>
			<H>40</H>
		</BOUNDS>
		<STRETCH/>
		<BITMAP>slot_empty.tga</BITMAP>			
	</ITEMSLOT>

	<!-- ITEMSLOT : 가슴 -->
	<ITEMSLOT item="Equip_EquipmentSlot_AvatarChest" parent="Equip_MyEquipListFrame" parts="avatarchest">
		<BOUNDS>
			<X>80</X>
			<Y>95</Y>
			<W>70</W>
			<H>40</H>
		</BOUNDS>
		<STRETCH/>
		<BITMAP>slot_empty.tga</BITMAP>	
	</ITEMSLOT>

	<!-- ITEMSLOT : 손 -->
	<ITEMSLOT item="Equip_EquipmentSlot_AvatarHands" parent="Equip_MyEquipListFrame" parts="avatarhands">
		<BOUNDS>
			<X>80</X>
			<Y>138</Y>
			<W>70</W>
			<H>40</H>
		</BOUNDS>
		<STRETCH/>
		<BITMAP>slot_empty.tga</BITMAP>
	</ITEMSLOT>

	<!-- ITEMSLOT : 다리 -->
	<ITEMSLOT item="Equip_EquipmentSlot_AvatarLegs" parent="Equip_MyEquipListFrame" parts="avatarlegs">
		<BOUNDS>
			<X>80</X>
			<Y>181</Y>
			<W>70</W>
			<H>40</H>
		</BOUNDS>
		<STRETCH/>
		<BITMAP>slot_empty.tga</BITMAP>	
	</ITEMSLOT>
	
	<!-- ITEMSLOT : 발 -->
	<ITEMSLOT item="Equip_EquipmentSlot_AvatarFeet" parent="Equip_MyEquipListFrame" parts="avatarfeet">
		<BOUNDS>
			<X>80</X>
			<Y>224</Y>
			<W>70</W>
			<H>40</H>
		</BOUNDS>
		<STRETCH/>
		<BITMAP>slot_empty.tga</BITMAP>	
	</ITEMSLOT>

	<!-- ITEMSLOT : 아이템1 -->
	<ITEMSLOT item="Equip_EquipmentSlot_FingerL" parent="Equip_MyEquipListFrame" parts="fingerl">
		<BOUNDS>
			<X>10</X>
			<Y>267</Y>
			<W>220</W>
			<H>40</H>
		</BOUNDS>
		<STRETCH/>
		<BITMAP>slot_empty.tga</BITMAP>	
	</ITEMSLOT>

	<!-- ITEMSLOT : 아이템2-->
	<ITEMSLOT item="Equip_EquipmentSlot_FingerR" parent="Equip_MyEquipListFrame" parts="fingerr">
		<BOUNDS>
			<X>10</X>
			<Y>310</Y>
			<W>220</W>
			<H>40</H>
		</BOUNDS>
		<STRETCH/>
		<BITMAP>slot_empty.tga</BITMAP>	
	</ITEMSLOT>

	<!-- ITEMSLOT : 아바타 -->
	<ITEMSLOT item="Equip_EquipmentSlot_Avatar" parent="Equip_MyEquipListFrame" parts="avatar">
		<BOUNDS>
			<X>10</X>
			<Y>353</Y>
			<W>220</W>
			<H>40</H>
		</BOUNDS>
		<STRETCH/>
		<BITMAP>slot_empty.tga</BITMAP>	
	</ITEMSLOT>
	
	<ITEMSLOT item="Equip_EquipmentSlot_Dash" parent="Equip_MyEquipListFrame" parts="dash">
		<BOUNDS>
			<X>10</X>
			<Y>52</Y>
			<W>70</W>
			<H>40</H>
		</BOUNDS>
		<STRETCH/>
		<BITMAP>slot_empty.tga</BITMAP>	
	</ITEMSLOT>
	
	<ITEMSLOT item="Equip_EquipmentSlot_JJang" parent="Equip_MyEquipListFrame" parts="jjang">
		<BOUNDS>
			<X>10</X>
			<Y>95</Y>
			<W>70</W>
			<H>40</H>
		</BOUNDS>
		<STRETCH/>
		<BITMAP>slot_empty.tga</BITMAP>	
	</ITEMSLOT>

	<!-- ITEMSLOT : 보조 무기 -->
	<ITEMSLOT item="Equip_EquipmentSlot_Melee" parent="Equip_MyEquipListFrame" parts="melee">
		<BOUNDS>
			<X>10</X>
			<Y>52</Y>
			<W>220</W>
			<H>40</H>
		</BOUNDS>
		<STRETCH/>
		<BITMAP>slot_empty.tga</BITMAP>	
	</ITEMSLOT>
	
	<!-- ITEMSLOT : 주 무기1 -->
	<ITEMSLOT item="Equip_EquipmentSlot_Primary" parent="Equip_MyEquipListFrame" parts="primary">
		<BOUNDS>
			<X>10</X>
			<Y>95</Y>
			<W>220</W>
			<H>40</H>
		</BOUNDS>
		<STRETCH/>
		<BITMAP>slot_empty.tga</BITMAP>	
	</ITEMSLOT>
	
	<!-- ITEMSLOT : 주 무기2 -->
	<ITEMSLOT item="Equip_EquipmentSlot_Secondary" parent="Equip_MyEquipListFrame" parts="secondary">
		<BOUNDS>
			<X>10</X>
			<Y>138</Y>
			<W>220</W>
			<H>40</H>
		</BOUNDS>
		<STRETCH/>
		<BITMAP>slot_empty.tga</BITMAP>	
	</ITEMSLOT>
	
	<!-- ITEMSLOT : 아이템 1 -->
	<ITEMSLOT item="Equip_EquipmentSlot_Custom1" parent="Equip_MyEquipListFrame" parts="custom1">
		<BOUNDS>
			<X>10</X>
			<Y>181</Y>
			<W>220</W>
			<H>40</H>
		</BOUNDS>
		<STRETCH/>
		<BITMAP>slot_empty.tga</BITMAP>	
	</ITEMSLOT>

	
	<!-- ITEMSLOT : 아이템 2 -->
	<ITEMSLOT item="Equip_EquipmentSlot_Custom2" parent="Equip_MyEquipListFrame" parts="custom2">
		<BOUNDS>
			<X>10</X>
			<Y>224</Y>
			<W>220</W>
			<H>40</H>
		</BOUNDS>
		<STRETCH/>
		<BITMAP>slot_empty.tga</BITMAP>	
	</ITEMSLOT>

	<!-- ITEMSLOT : 아이템 3 -->
	<!--<ITEMSLOT item="Equip_EquipmentSlot_Community1" parent="Equip_MyEquipListFrame" parts="community1">
		<BOUNDS>
			<X>10</X>
			<Y>267</Y>
			<W>220</W>
			<H>40</H>
		</BOUNDS>
		<STRETCH/>
		<BITMAP>slot_empty.tga</BITMAP>	
	</ITEMSLOT>
	-->
	<!-- ITEMSLOT : 아이템 4 -->
	<!--<ITEMSLOT item="Equip_EquipmentSlot_Community2" parent="Equip_MyEquipListFrame" parts="community2">
		<BOUNDS>
			<X>10</X>
			<Y>310</Y>
			<W>220</W>
			<H>40</H>
		</BOUNDS>
		<STRETCH/>
		<BITMAP>slot_empty.tga</BITMAP>	
	</ITEMSLOT>
	-->
	<!-- ITEMSLOT : 아이템 5 -->
	<!--<ITEMSLOT item="Equip_EquipmentSlot_LongBuff1" parent="Equip_MyEquipListFrame" parts="longbuff1">
		<BOUNDS>
			<X>10</X>
			<Y>353</Y>
			<W>220</W>
			<H>40</H>
		</BOUNDS>
		<STRETCH/>
		<BITMAP>slot_empty.tga</BITMAP>	
	</ITEMSLOT>
	-->
	<!-- ITEMSLOT : 아이템 6 -->
	<!--<ITEMSLOT item="Equip_EquipmentSlot_LongBuff2" parent="Equip_MyEquipListFrame" parts="longbuff2">
		<BOUNDS>
			<X>10</X>
			<Y>396</Y>
			<W>220</W>
			<H>40</H>
		</BOUNDS>
		<STRETCH/>
		<BITMAP>slot_empty.tga</BITMAP>	
	</ITEMSLOT>
	-->
	<!-- BMBUTTON : 리스트 프레임 Open 버튼 -->
	<BMBUTTON item="Equip_EquipListFrameOpenButton" parent="Equip_MyEquipListFrame">
	<BUTTONLOOK>NormalBmButtonLook</BUTTONLOOK>
		<BOUNDS>
			<X>52</X>
			<Y>159</Y>
			<W>22</W>
			<H>110</H>
		</BOUNDS>
		<STRETCH/>
		<BITMAP type="up">listframeopenbtn_off.tga</BITMAP>
		<BITMAP type="over">listframeopenbtn_on.tga</BITMAP>
		<BITMAP type="down">listframeopenbtn_on.tga</BITMAP>
		<TEXT></TEXT>
		<VISIBLE>false</VISIBLE>
	</BMBUTTON>

	<!-- BMBUTTON : 리스트 프레임 Close 버튼 -->
	<BMBUTTON item="Equip_EquipListFrameCloseButton" parent="Equip_MyEquipListFrame">
	<BUTTONLOOK>NormalBmButtonLook</BUTTONLOOK>
		<BOUNDS>
			<X>247</X>
			<Y>159</Y>
			<W>22</W>
			<H>110</H>
		</BOUNDS>
		<STRETCH/>
		<BITMAP type="up">listframeclosebtn_off.tga</BITMAP>
		<BITMAP type="over">listframeclosebtn_on.tga</BITMAP>
		<BITMAP type="down">listframeclosebtn_on.tga</BITMAP>
		<TEXT></TEXT>
	</BMBUTTON>
	

	
<!-- 상단 버튼 배열 -->
	<!-- BMBUTTON : 상점버튼 -->
	<BMBUTTON item="Equipment_to_Shop" parent="Equipment">
		<BUTTONLOOK>NormalBmButtonLook</BUTTONLOOK>
		<BOUNDS>
			<X>700</X>
			<Y>100</Y>
			<W>93</W>
			<H>38</H>
		</BOUNDS>
		<STRETCH/>
		<BITMAP type="up">shop_off_kr.tga</BITMAP>
		<BITMAP type="over">shop_on_kr.tga</BITMAP>
		<BITMAP type="down">shop_on2_kr.tga</BITMAP>
		<TEXT></TEXT>
	</BMBUTTON>
	
	<!-- Picture : 장비버튼 
	<PICTURE item="Equip_nullbutton" parent="Equipment">
		<BOUNDS>
			<X>700</X>
			<Y>99</Y>
			<W>89</W>
			<H>38</H>
		</BOUNDS>
		<STRETCH/>
		<BITMAP>inventory_on_kr.tga</BITMAP>
	</PICTURE> -->

	<!-- BMBUTTON : 장비버튼
	<BMBUTTON item="Equip_nullbutton" parent="Equipment">
	<BUTTONLOOK>NormalBmButtonLook</BUTTONLOOK>
		<BOUNDS>
			<X>700</X>
			<Y>99</Y>
			<W>89</W>
			<H>38</H>
		</BOUNDS>
		<STRETCH/>
		<BITMAP type="up">inventory_off_kr.tga</BITMAP>
		<BITMAP type="over">inventory_on_kr.tga</BITMAP>
		<BITMAP type="down">inventory_on2_kr.tga</BITMAP>
		<TEXT></TEXT>
		<ENABLE>false</ENABLE>
	</BMBUTTON> -->

<!-- 하단 버튼 배열 -->
	<!-- BMBUTTON : 나가기 버튼 -->
	<BMBUTTON item ="EquipmentClose" parent="Equipment">
		<BUTTONLOOK>NormalBmButtonLook</BUTTONLOOK>
		<BOUNDS>
			<X>700</X>
			<Y>538</Y>
			<W>93</W>
			<H>38</H>
		</BOUNDS>
		<STRETCH/>
		<BITMAP type="up">exit_off_kr.tga</BITMAP>
		<BITMAP type="over">exit_on_kr.tga</BITMAP>
		<BITMAP type="down">exit_on2_kr.tga</BITMAP>
		<DEFAULTKEY>ESC</DEFAULTKEY>
	</BMBUTTON>

	<!-- BUTTON : 나가기 버튼 -->
	<BUTTON item ="EquipmentClose" parent="Equipment">
		<BUTTONLOOK>NormalBmButtonLook</BUTTONLOOK>
		<BOUNDS>
			<X>0</X>
			<Y>0</Y>
			<W>0</W>
			<H>0</H>
		</BOUNDS>
		<DEFAULTKEY>ESC</DEFAULTKEY>
	</BUTTON>
	
		<!-- PRESETS BUTTONS 
	
	<BMBUTTON item ="Equipment_RoomNo1" parent="Equipment">
		<BOUNDS>
			<X>25</X>
			<Y>557</Y>
			<W>16</W>
			<H>16</H>
		</BOUNDS>
		<STRETCH/>
		<BITMAP type="up">page1_off.png</BITMAP>
		<BITMAP type="over">page1_off.png</BITMAP>
		<BITMAP type="down">page1_on.png</BITMAP>
		<PUSHBUTTON/>
		<SETCHECK/>
		<GROUP>Equipment_RoomNo</GROUP>
	</BMBUTTON>


	<BMBUTTON item ="Equipment_RoomNo2" parent="Equipment">
		<BOUNDS>
			<X>45</X>
			<Y>557</Y>
			<W>16</W>
			<H>16</H>
		</BOUNDS>
		<STRETCH/>
		<BITMAP type="up">page2_off.png</BITMAP>
		<BITMAP type="over">page2_off.png</BITMAP>
		<BITMAP type="down">page2_on.png</BITMAP>
		<PUSHBUTTON/>
		<GROUP>Equipment_RoomNo</GROUP>
	</BMBUTTON>


	<BMBUTTON item ="Equipment_RoomNo3" parent="Equipment">
		<BOUNDS>
			<X>65</X>
			<Y>557</Y>
			<W>16</W>
			<H>16</H>
		</BOUNDS>
		<STRETCH/>
		<BITMAP type="up">page3_off.png</BITMAP>
		<BITMAP type="over">page3_off.png</BITMAP>
		<BITMAP type="down">page3_on.png</BITMAP>
		<PUSHBUTTON/>
		<GROUP>Equipment_RoomNo</GROUP>
	</BMBUTTON>


	<BMBUTTON item ="Equipment_RoomNo4" parent="Equipment">
		<BOUNDS>
			<X>85</X>
			<Y>557</Y>
			<W>16</W>
			<H>16</H>
		</BOUNDS>
		<STRETCH/>
		<BITMAP type="up">page4_off.png</BITMAP>
		<BITMAP type="over">page4_off.png</BITMAP>
		<BITMAP type="down">page4_on.png</BITMAP>
		<PUSHBUTTON/>
		<GROUP>Equipment_RoomNo</GROUP>
	</BMBUTTON>
	
			
	<BUTTON item="SaveConfirmCaller" parent="Equipment">
	<BUTTONLOOK>DefaultButtonLook</BUTTONLOOK>
		<BOUNDS>
			<X>105</X>
			<Y>550</Y>
			<W>80</W>
			<H>30</H>
		</BOUNDS>
		<TEXT>Save Preset (&amp;S)</TEXT>
	</BUTTON> -->
	
</XML>
