﻿<?xml version="1.0" encoding="UTF-8" ?>
<XML ID="Login">
	<Schema xmlns="MaietData" xmlns:dt="MaietDataTypes" />

<!--
   Login 윈도우   
   Last Update : 29.OCT.2004
   Editor      : Lim Dong Hwan
-->


<!-- 프레임 생성 : Login -->
	<FRAME item="Login">
		<FRAMELOOK>NullFrameLook</FRAMELOOK>
		<BOUNDS>
			<X>0</X>
			<Y>0</Y>
			<W>800</W>
			<H>600</H>
		</BOUNDS>
		<TITLEBAR>false</TITLEBAR>
		<RESIZABLE>false</RESIZABLE>
		<FOCUSABLE>false</FOCUSABLE>
		<VISIBLE>false</VISIBLE>
	</FRAME>
	
<!-- Picture : 배경 이미지 -->
	<PICTURE item="Login_BackgrdImg" parent="Login">
		<BOUNDS>
			<X>0</X>
			<Y>0</Y>
			<W>800</W>
			<H>600</H>
		</BOUNDS>
		<STRETCH/>
		<BITMAP></BITMAP>
	</PICTURE>



<!-- LABEL : 연결중 -->
	<LABEL item="Login_ConnectingMsg" parent="Login">
		<FONT>FONTb11b</FONT>
		<TEXTCOLOR>
			<R>255</R>
			<G>255</G>
			<B>255</B>
		</TEXTCOLOR>
		<BOUNDS>
			<X>200</X>
			<Y>450</Y>
			<W>400</W>
			<H>25</H>
		</BOUNDS>
		<STRETCH/>
		<VISIBLE>false</VISIBLE>
		<TEXT></TEXT>
	</LABEL>


<!-- 프레임 생성 : LoginFrame -->
	<FRAME item="LoginFrame" parent="Login">
		<FRAMELOOK>NullFrameLook</FRAMELOOK>
		<BOUNDS>
			<X>0</X>
			<Y>0</Y>
			<W>800</W>
			<H>600</H>
		</BOUNDS>
		<TITLEBAR>false</TITLEBAR>
		<RESIZABLE>false</RESIZABLE>
		<FOCUSABLE>false</FOCUSABLE>
		<VISIBLE>false</VISIBLE>
	</FRAME>

	
		<!-- Login Frame Image-->
	<PICTURE item="LoginFrameImage" parent="LoginFrame">
		<BOUNDS>
			<X>277</X>
			<Y>384</Y>
			<W>247</W>
			<H>133</H>
		</BOUNDS>
		<STRETCH/>
		<BITMAP>mcsic_loginframe.png</BITMAP>
	</PICTURE>
	
<!-- LABEL : 연결중 -->
	<LABEL item="Login_ConnectingMsg" parent="Login">
		<FONT>FONTb11b</FONT>
		<TEXTCOLOR>
			<R>255</R>
			<G>120</G>
			<B>0</B>
		</TEXTCOLOR>
		<BOUNDS>
			<X>200</X>
			<Y>450</Y>
			<W>400</W>
			<H>25</H>
		</BOUNDS>
		<STRETCH/>
		<VISIBLE>false</VISIBLE>
		<TEXT></TEXT>
	</LABEL>

<!-- 서버 선택 -->
	<!-- SERVERVIEW : 서버 선택 -->
	<SERVERVIEW item="SelectedServer" parent="LoginFrame">
		<BOUNDS>
			<X>286</X>
			<Y>395</Y>
			<W>220</W>
			<H>120</H>
		</BOUNDS>
	</SERVERVIEW>

	<!-- LISTBOX : 뒷배경용 -->
	<LISTBOX item="nulllistbox" parent="LoginFrame">
		<LISTBOXLOOK>EquipListBoxLook</LISTBOXLOOK>
		<BOUNDS>
			<X>290</X>
			<Y>470</Y>
			<W>106</W>
			<H>24</H>
		</BOUNDS>
		<ENABLE>FALSE</ENABLE>
	</LISTBOX>
	<LISTBOX item="nulllistbox" parent="LoginFrame">
		<LISTBOXLOOK>EquipListBoxLook</LISTBOXLOOK>
		<BOUNDS>
			<X>290</X>
			<Y>470</Y>
			<W>106</W>
			<H>24</H>
		</BOUNDS>
		<ENABLE>FALSE</ENABLE>
	</LISTBOX>

	<!-- Edit : 아이디 입력창 -->
	<EDIT item="LoginID" parent="LoginFrame">
		<EDITLOOK>NormalEditLook</EDITLOOK>
		<BOUNDS>
			<X>290</X>
			<Y>470</Y>
			<W>106</W>
			<H>24</H>
		</BOUNDS>
		<TEXT></TEXT>
	</EDIT>


	<!-- LISTBOX : 뒷배경용 -->
	<LISTBOX item="nulllistbox" parent="LoginFrame">
		<LISTBOXLOOK>EquipListBoxLook</LISTBOXLOOK>
		<BOUNDS>
			<X>404</X>
			<Y>470</Y>
			<W>106</W>
			<H>24</H>
		</BOUNDS>
		<ENABLE>FALSE</ENABLE>
	</LISTBOX>
	<LISTBOX item="nulllistbox" parent="LoginFrame">
		<LISTBOXLOOK>EquipListBoxLook</LISTBOXLOOK>
		<BOUNDS>
			<X>404</X>
			<Y>470</Y>
			<W>106</W>
			<H>24</H>
		</BOUNDS>
		<ENABLE>FALSE</ENABLE>
	</LISTBOX>

	<!-- Edit : 비밀번호 입력창 -->
	<EDIT item="LoginPassword" parent="LoginFrame">
		<EDITLOOK>NormalEditLook</EDITLOOK>
		<PASSWORD>true</PASSWORD>
		<BOUNDS>
			<X>404</X>
			<Y>470</Y>
			<W>106</W>
			<H>24</H>
		</BOUNDS>
		<TEXT></TEXT>
	</EDIT>


<!-- Label : 로그인 에러 -->
	<LABEL item="LoginError" parent="LoginFrame">
		<TEXTCOLOR>
			<R>200</R>
			<G>0</G>
			<B>0</B>
		</TEXTCOLOR>
		<BOUNDS>
			<X>290</X>
			<Y>430</Y>
			<W>200</W>
			<H>32</H>
		</BOUNDS>
		<TEXT></TEXT>
	</LABEL>
	
<!-- 버튼 -->
	<!-- Button : 로그인 버튼 -->
	<BMBUTTON item="LoginOK" parent="LoginFrame">
		<BOUNDS>
			<X>277</X>
			<Y>516</Y>
			<W>93</W>
			<H>38</H>
		</BOUNDS>
		<STRETCH/>
		<BITMAP type="up">enterx_off_kr.tga</BITMAP>
		<BITMAP type="over">enterx_on_kr.tga</BITMAP>
		<BITMAP type="down">enterx_on2_kr.tga</BITMAP>
	</BMBUTTON>		

<!-- Exit Button -->
	<BMBUTTON item="Exit" parent="LoginFrame">
		<BOUNDS>
			<X>432</X>
			<Y>516</Y>
			<W>93</W>
			<H>38</H>
		</BOUNDS>
		<STRETCH/>
		<BITMAP type="up">exit_off_kr.tga</BITMAP>
		<BITMAP type="over">exit_on_kr.tga</BITMAP>
		<BITMAP type="down">exit_on2_kr.tga</BITMAP>
		<CONFIRMMESSAGE>STR:UI_LOGIN_05</CONFIRMMESSAGE> <!-- Do you want to quit the game? -->
		<CONFIRMLOOK>DefaultFrameLook</CONFIRMLOOK>
		<FOCUSABLE>FALSE</FOCUSABLE>
	</BMBUTTON>	

	<!-- BMBUTTON : 옵션버튼 -->
	<BMBUTTON item="LoginOptionFrame" parent="LoginFrame">
		<BOUNDS>
			<X>480</X>
			<Y>347</Y>
			<W>46</W>
			<H>38</H>
		</BOUNDS>
		<STRETCH/>
		<BITMAP type="up">options_off_kr.tga</BITMAP>
		<BITMAP type="over">options_on_kr.tga</BITMAP>
		<BITMAP type="down">options_on2_kr.tga</BITMAP>
		<FOCUSABLE>FALSE</FOCUSABLE>
	</BMBUTTON>	
	
	<BMBUTTON item="LoginReplayFrame" parent="LoginFrame">
		<BOUNDS>
			<X>277</X>
			<Y>347</Y>
			<W>93</W>
			<H>38</H>
		</BOUNDS>
		<STRETCH/>
		<BITMAP type="up">2replays_off_kr.tga</BITMAP>
		<BITMAP type="over">2replays_on_kr.tga</BITMAP>
		<BITMAP type="down">2replays_on2_kr.tga</BITMAP>
		<FOCUSABLE>FALSE</FOCUSABLE>
	</BMBUTTON>	


<!-- 버튼 -->
	<!-- Button : 로그인 버튼 -->
	<BUTTON item="LoginOK" parent="LoginFrame">
		<BUTTONLOOK>DefaultButtonLook</BUTTONLOOK>
		<BOUNDS>
			<X>1</X>
			<Y>1</Y>
			<W>1</W>
			<H>1</H>
		</BOUNDS>
		<DEFAULTKEY>ENTER</DEFAULTKEY>
		<TEXT></TEXT>
		<FOCUSABLE>FALSE</FOCUSABLE>
	</BUTTON>


<!-- BUTTON : 종료 버튼 -->
	<BUTTON item="Exit" parent="LoginFrame">
		<BUTTONLOOK>DefaultButtonLook</BUTTONLOOK>
		<BOUNDS>
			<X>2</X>
			<Y>2</Y>
			<W>1</W>
			<H>1</H>
		</BOUNDS>
		<DEFAULTKEY>ESC</DEFAULTKEY>
		<TEXT></TEXT>
		<CONFIRMMESSAGE>STR:UI_LOGIN_05</CONFIRMMESSAGE> <!-- Do you want to quit the game? -->
		<CONFIRMLOOK>DefaultFrameLook</CONFIRMLOOK>
		<FOCUSABLE>FALSE</FOCUSABLE>
	</BUTTON>

	
<!-- 서버 IP 설정 -->
	<!-- Label : 서버 IP -->
	<LABEL item="LabelServerIP" parent="LoginFrame">
		<BOUNDS>
			<X>130</X>
			<Y>202</Y>
			<W>200</W>
			<H>24</H>
		</BOUNDS>
		<TEXT>Debug Server</TEXT>
		<VISIBLE>false</VISIBLE>
	</LABEL>

	<!-- Edit : IP 주소 입력창 -->
	<EDIT item="ServerAddress" parent="LoginFrame">
		<EDITLOOK>NormalEditLook</EDITLOOK>
		<BOUNDS>
			<X>215</X>
			<Y>202</Y>
			<W>110</W>
			<H>24</H>
		</BOUNDS>
		<TEXT></TEXT>
		<VISIBLE>false</VISIBLE>
	</EDIT>

	<!-- Edit : IP 포트 입력창 -->
	<EDIT item="ServerPort" parent="LoginFrame">
		<EDITLOOK>NormalEditLook</EDITLOOK>
		<BOUNDS>
			<X>330</X>
			<Y>202</Y>
			<W>45</W>
			<H>24</H>
		</BOUNDS>
		<TEXT></TEXT>
		<VISIBLE>false</VISIBLE>
	</EDIT>
</XML>
