﻿<?xml version="1.0" encoding="UTF-8" ?>
<XML ID="Option">
	<Schema xmlns="MaietData" xmlns:dt="MaietDataTypes" />
	<FRAME item="Option">
		<FRAMELOOK>NullFrameLook</FRAMELOOK>
		<BOUNDS>
			<X>0</X>
			<Y>0</Y>
			<W>-1</W>
			<H>-1</H>
		</BOUNDS>
		<VISIBLE>false</VISIBLE>
	</FRAME>

	<FRAME item="OptionGroup" parent="Option">
		<FRAMELOOK>DefaultFrameLook</FRAMELOOK>
		<BOUNDS>
			<X>0</X>
			<Y>0</Y>
			<W>608</W>
			<H>480</H>
		</BOUNDS>
		<ALIGN>
			<HALIGN>center</HALIGN>
			<VALIGN>center</VALIGN>
		</ALIGN>
		<VISIBLE>TRUE</VISIBLE>
		<RESIZABLE>false</RESIZABLE>
		<TEXT>STR:UI_OPTION_01</TEXT> <!-- 옵션 -->
	</FRAME>



	<!-- Video -->
	<FRAME item="VideoOptionGroup" parent="OptionGroup">
		<FRAMELOOK>NullFrameLook</FRAMELOOK>
		<BOUNDS>
			<X>180</X>
			<Y>70</Y>
			<W>350</W>
			<H>350</H>
		</BOUNDS>
		<VISIBLE>TRUE</VISIBLE>
		<RESIZABLE>false</RESIZABLE>
		<FOCUSABLE>false</FOCUSABLE>
		<MOVABLE>false</MOVABLE>
	</FRAME>

	<LABEL item="Label" parent="VideoOptionGroup">
		<FONT>FONTa9</FONT>
		<TEXTCOLOR>
			<R>205</R>
			<G>205</G>
			<B>205</B>
		</TEXTCOLOR>
		<BOUNDS>
			<X>2</X>
			<Y>0</Y>
			<W>300</W>
			<H>24</H>
		</BOUNDS>
		<TEXT>STR:UI_OPTION_02</TEXT> <!-- 해상도 -->
	</LABEL>
	<COMBOBOX item="ScreenResolution" parent="VideoOptionGroup">
		<LISTBOXLOOK>CustomListBoxLook</LISTBOXLOOK>
		<BUTTONLOOK>ListBoxButtonLook</BUTTONLOOK>
		<FONT>FONTa9</FONT>
		<TEXTCOLOR>
			<R>205</R>
			<G>205</G>
			<B>205</B>
		</TEXTCOLOR>
		<TEXTALIGN>
			<VALIGN>center</VALIGN>
			<HALIGN>left</HALIGN>
		</TEXTALIGN>
		<BOUNDS>
			<X>105</X>
			<Y>0</Y>
			<W>140</W>
			<H>24</H>
		</BOUNDS>
		<ALIGN>
			<HALIGN>right</HALIGN>
		</ALIGN>
	</COMBOBOX>

	<LABEL item="Label" parent="VideoOptionGroup">
		<FONT>FONTa9</FONT>
		<TEXTCOLOR>
			<R>205</R>
			<G>205</G>
			<B>205</B>
		</TEXTCOLOR>
		<BOUNDS>
			<X>2</X>
			<Y>30</Y>
			<W>300</W>
			<H>24</H>
		</BOUNDS>
		<TEXT>STR:UI_OPTION_03</TEXT> <!-- 밝기 -->
	</LABEL>
	<SLIDER item="VideoGamma" parent="VideoOptionGroup">
		<BOUNDS>
			<X>105</X>
			<Y>30</Y>
			<W>140</W>
			<H>24</H>
		</BOUNDS>
		<ALIGN>
			<HALIGN>right</HALIGN>
		</ALIGN>
	</SLIDER>

	<LABEL item="Label" parent="VideoOptionGroup">
		<FONT>FONTa9</FONT>
		<TEXTCOLOR>
			<R>205</R>
			<G>205</G>
			<B>205</B>
		</TEXTCOLOR>
		<BOUNDS>
			<X>2</X>
			<Y>60</Y>
			<W>300</W>
			<H>24</H>
		</BOUNDS>
		<TEXT>STR:UI_OPTION_04</TEXT> <!-- 반사효과 -->
	</LABEL>
	<BUTTON item="Reflection" parent="VideoOptionGroup">
		<BUTTONLOOK>Custom1ButtonLook</BUTTONLOOK>
		<PUSHBUTTON/>
		<BOUNDS>
			<X>229</X>
			<Y>60</Y>
			<W>24</W>
			<H>24</H>
		</BOUNDS>
		<ALIGN>
			<HALIGN>right</HALIGN>
		</ALIGN>
	</BUTTON>

	<LABEL item="Lightmap Label" parent="VideoOptionGroup">
		<FONT>FONTa9</FONT>
		<TEXTCOLOR>
			<R>205</R>
			<G>205</G>
			<B>205</B>
		</TEXTCOLOR>
		<BOUNDS>
			<X>2</X>
			<Y>90</Y>
			<W>300</W>
			<H>24</H>
		</BOUNDS>
		<TEXT>STR:UI_OPTION_05</TEXT> <!-- 라이트맵 -->
	</LABEL>
	<BUTTON item="LightMap" parent="VideoOptionGroup">
		<BUTTONLOOK>Custom1ButtonLook</BUTTONLOOK>
		<PUSHBUTTON/>
		<BOUNDS>
			<X>229</X>
			<Y>90</Y>
			<W>24</W>
			<H>24</H>
		</BOUNDS>
		<ALIGN>
			<HALIGN>right</HALIGN>
		</ALIGN>
	</BUTTON>

	<LABEL item="Shader Label" parent="VideoOptionGroup">
		<FONT>FONTa9</FONT>
		<TEXTCOLOR>
			<R>205</R>
			<G>205</G>
			<B>205</B>
		</TEXTCOLOR>
		<BOUNDS>
			<X>2</X>
			<Y>120</Y>
			<W>300</W>
			<H>24</H>
		</BOUNDS>
		<TEXT>STR:UI_OPTION_06</TEXT> <!-- 쉐이더 -->
	</LABEL>
	<BUTTON item="Shader" parent="VideoOptionGroup">
		<BUTTONLOOK>Custom1ButtonLook</BUTTONLOOK>
		<PUSHBUTTON/>
		<BOUNDS>
			<X>229</X>
			<Y>120</Y>
			<W>24</W>
			<H>24</H>
		</BOUNDS>
		<ALIGN>
			<HALIGN>right</HALIGN>
		</ALIGN>
	</BUTTON>

	<LABEL item="Label" parent="VideoOptionGroup">
		<FONT>FONTa9</FONT>
		<TEXTCOLOR>
			<R>205</R>
			<G>205</G>
			<B>205</B>
		</TEXTCOLOR>
		<BOUNDS>
			<X>2</X>
			<Y>150</Y>
			<W>300</W>
			<H>24</H>
		</BOUNDS>
		<TEXT>STR:UI_OPTION_07</TEXT> <!-- 동적라이트 -->
	</LABEL>
	<BUTTON item="DynamicLight" parent="VideoOptionGroup">
		<BUTTONLOOK>Custom1ButtonLook</BUTTONLOOK>
		<PUSHBUTTON/>
		<BOUNDS>
			<X>229</X>
			<Y>150</Y>
			<W>24</W>
			<H>24</H>
		</BOUNDS>
		<ALIGN>
			<HALIGN>right</HALIGN>
		</ALIGN>
		<CUSTOM/>
	</BUTTON>

	<LABEL item="Label" parent="VideoOptionGroup">
		<FONT>FONTa9</FONT>
		<TEXTCOLOR>
			<R>205</R>
			<G>205</G>
			<B>205</B>
		</TEXTCOLOR>
		<BOUNDS>
			<X>2</X>
			<Y>180</Y>
			<W>300</W>
			<H>24</H>
		</BOUNDS>
		<TEXT>STR:UI_OPTION_08</TEXT> <!-- 캐릭터 이미지 품질 -->
	</LABEL>

	<LABEL item="Label" parent="VideoOptionGroup">
		<FONT>FONTa9</FONT>
		<TEXTCOLOR>
			<R>205</R>
			<G>205</G>
			<B>205</B>
		</TEXTCOLOR>
		<BOUNDS>
			<X>2</X>
			<Y>210</Y>
			<W>300</W>
			<H>24</H>
		</BOUNDS>
		<TEXT>STR:UI_OPTION_09</TEXT> <!-- 배경 이미지 품질 -->
	</LABEL>

	<LABEL item="Label" parent="VideoOptionGroup">
		<FONT>FONTa9</FONT>
		<TEXTCOLOR>
			<R>205</R>
			<G>205</G>
			<B>205</B>
		</TEXTCOLOR>
		<BOUNDS>
			<X>2</X>
			<Y>240</Y>
			<W>300</W>
			<H>24</H>
		</BOUNDS>
		<TEXT>STR:UI_OPTION_10</TEXT> <!-- 이펙트 품질 -->
	</LABEL>

	<LABEL item="Label" parent="VideoOptionGroup">
		<FONT>FONTa9</FONT>
		<TEXTCOLOR>
			<R>205</R>
			<G>205</G>
			<B>205</B>
		</TEXTCOLOR>
		<BOUNDS>
			<X>2</X>
			<Y>270</Y>
			<W>300</W>
			<H>24</H>
		</BOUNDS>
		<TEXT>STR:UI_OPTION_11</TEXT> <!-- 텍스쳐 품질 -->
	</LABEL>

	<COMBOBOX item="CharTexLevel" parent="VideoOptionGroup">
		<LISTBOXLOOK>CustomListBoxLook</LISTBOXLOOK>
		<BUTTONLOOK>ListBoxButtonLook</BUTTONLOOK>
		<FONT>FONTa9</FONT>
		<TEXTCOLOR>
			<R>205</R>
			<G>205</G>
			<B>205</B>
		</TEXTCOLOR>
		<TEXTALIGN>
			<VALIGN>center</VALIGN>
			<HALIGN>center</HALIGN>
		</TEXTALIGN>
		<BOUNDS>
			<X>165</X>
			<Y>180</Y>
			<W>80</W>
			<H>24</H>
		</BOUNDS>
		<ALIGN>
			<HALIGN>right</HALIGN>
		</ALIGN>
		<LISTITEM selected="true">STR:UI_OPTION_LIST_01_01</LISTITEM> <!-- 좋음 -->
		<LISTITEM>STR:UI_OPTION_LIST_01_02</LISTITEM> <!-- 보통 -->
		<LISTITEM>STR:UI_OPTION_LIST_01_03</LISTITEM> <!-- 낮음 -->
		<DROPSIZE>80</DROPSIZE>
		<COMBOTYPE>1</COMBOTYPE>
	</COMBOBOX>

	<COMBOBOX item="MapTexLevel" parent="VideoOptionGroup">
		<LISTBOXLOOK>CustomListBoxLook</LISTBOXLOOK>
		<BUTTONLOOK>ListBoxButtonLook</BUTTONLOOK>
		<FONT>FONTa9</FONT>
		<TEXTCOLOR>
			<R>205</R>
			<G>205</G>
			<B>205</B>
		</TEXTCOLOR>
		<TEXTALIGN>
			<VALIGN>center</VALIGN>
			<HALIGN>center</HALIGN>
		</TEXTALIGN>
		<BOUNDS>
			<X>165</X>
			<Y>210</Y>
			<W>80</W>
			<H>24</H>
		</BOUNDS>
		<ALIGN>
			<HALIGN>right</HALIGN>
		</ALIGN>
		<LISTITEM selected="true">STR:UI_OPTION_LIST_01_01</LISTITEM> <!-- 좋음 -->
		<LISTITEM>STR:UI_OPTION_LIST_01_02</LISTITEM> <!-- 보통 -->
		<LISTITEM>STR:UI_OPTION_LIST_01_03</LISTITEM> <!-- 낮음 -->
		<DROPSIZE>80</DROPSIZE>
		<COMBOTYPE>1</COMBOTYPE>
	</COMBOBOX>

	<COMBOBOX item="EffectLevel" parent="VideoOptionGroup">
		<LISTBOXLOOK>CustomListBoxLook</LISTBOXLOOK>
		<BUTTONLOOK>ListBoxButtonLook</BUTTONLOOK>
		<FONT>FONTa9</FONT>
		<TEXTCOLOR>
			<R>205</R>
			<G>205</G>
			<B>205</B>
		</TEXTCOLOR>
		<TEXTALIGN>
			<VALIGN>center</VALIGN>
			<HALIGN>center</HALIGN>
		</TEXTALIGN>
		<BOUNDS>
			<X>165</X>
			<Y>240</Y>
			<W>80</W>
			<H>24</H>
		</BOUNDS>
		<ALIGN>
			<HALIGN>right</HALIGN>
		</ALIGN>
		<LISTITEM selected="true">STR:UI_OPTION_LIST_01_01</LISTITEM> <!-- 좋음 -->
		<LISTITEM>STR:UI_OPTION_LIST_01_02</LISTITEM> <!-- 보통 -->
		<LISTITEM>STR:UI_OPTION_LIST_01_03</LISTITEM> <!-- 낮음 -->
		<DROPSIZE>80</DROPSIZE>
		<COMBOTYPE>1</COMBOTYPE>
	</COMBOBOX>

	<COMBOBOX item="TextureFormat" parent="VideoOptionGroup">
		<LISTBOXLOOK>CustomListBoxLook</LISTBOXLOOK>
		<BUTTONLOOK>ListBoxButtonLook</BUTTONLOOK>
		<FONT>FONTa9</FONT>
		<TEXTCOLOR>
			<R>205</R>
			<G>205</G>
			<B>205</B>
		</TEXTCOLOR>
		<TEXTALIGN>
			<VALIGN>center</VALIGN>
			<HALIGN>center</HALIGN>
		</TEXTALIGN>
		<BOUNDS>
			<X>165</X>
			<Y>270</Y>
			<W>80</W>
			<H>24</H>
		</BOUNDS>
		<ALIGN>
			<HALIGN>right</HALIGN>
		</ALIGN>
		<LISTITEM>16bit</LISTITEM>
		<LISTITEM selected="true">32bit</LISTITEM>
		<DROPSIZE>80</DROPSIZE>
		<COMBOTYPE>1</COMBOTYPE>
	</COMBOBOX>

	<BUTTON item="Optimization" parent="VideoOptionGroup">
		<BOUNDS>
			<X>165</X>
			<Y>305</Y>
			<W>120</W>
			<H>32</H>
		</BOUNDS>
		<ALIGN>
			<HALIGN>right</HALIGN>
		</ALIGN>
		<TEXT>STR:UI_OPTION_12</TEXT> <!-- 최적화하기 -->
	</BUTTON>

	<!-- Audio -->
	<FRAME item="AudioOptionGroup" parent="OptionGroup">
		<FRAMELOOK>NullFrameLook</FRAMELOOK>
		<BOUNDS>
			<X>180</X>
			<Y>70</Y>
			<W>350</W>
			<H>350</H>
		</BOUNDS>
		<VISIBLE>FALSE</VISIBLE>
		<RESIZABLE>false</RESIZABLE>
		<FOCUSABLE>false</FOCUSABLE>
		<MOVABLE>false</MOVABLE>
	</FRAME>
	
	<FRAME item="AudioOptionGroup1" parent="AudioOptionGroup">
		<FRAMELOOK>NullFrameLook</FRAMELOOK>
		<BOUNDS>
			<X>9</X>
			<Y>30</Y>
			<W>350</W>
			<H>300</H>
		</BOUNDS>
		<VISIBLE>TRUE</VISIBLE>
		<RESIZABLE>false</RESIZABLE>
		<FOCUSABLE>false</FOCUSABLE>
		<MOVABLE>false</MOVABLE>	
	</FRAME>
	
	<FRAME item="AudioOptionGroup2" parent="AudioOptionGroup">
		<FRAMELOOK>NullFrameLook</FRAMELOOK>
		<BOUNDS>
			<X>0</X>
			<Y>30</Y>
			<W>350</W>
			<H>300</H>
		</BOUNDS>
		<VISIBLE>FALSE</VISIBLE>
		<RESIZABLE>false</RESIZABLE>
		<FOCUSABLE>false</FOCUSABLE>
		<MOVABLE>false</MOVABLE>
	</FRAME>
	
	<BUTTON item="AudioButton1" parent="AudioOptionGroup">
		<BOUNDS>
			<X>0</X>
			<Y>0</Y>
			<W>65</W>
			<H>30</H>
		</BOUNDS>
		<TEXT>Part 1</TEXT>
	</BUTTON>
	<BUTTON item="AudioButton2" parent="AudioOptionGroup">
		<BOUNDS>
			<X>70</X>
			<Y>0</Y>
			<W>65</W>
			<H>30</H>
		</BOUNDS>
		<TEXT>Part 2</TEXT>
	</BUTTON>
	
	<TABCONTROL item="AudioTabControl">
		<TAB button = "AudioButton1" widget = "AudioOptionGroup1"/>
		<TAB button = "AudioButton2" widget = "AudioOptionGroup2"/>
		<TABCONTROLLOOK>NullTabLook</TABCONTROLLOOK>
	</TABCONTROL>

	<LABEL item="LabelBGMMute" parent="AudioOptionGroup1">
		<FONT>FONTa9</FONT>
		<TEXTCOLOR>
			<R>205</R>
			<G>205</G>
			<B>205</B>
		</TEXTCOLOR>
		<BOUNDS>
			<X>2</X>
			<Y>0</Y>
			<W>300</W>
			<H>24</H>
		</BOUNDS>
		<TEXT>STR:UI_OPTION_13</TEXT> <!-- 배경음악 -->
	</LABEL>
	<BUTTON item="BGMMute" parent="AudioOptionGroup1">
		<BUTTONLOOK>Custom1ButtonLook</BUTTONLOOK>
		<PUSHBUTTON/>
		<BOUNDS>
			<X>229</X>
			<Y>0</Y>
			<W>24</W>
			<H>24</H>
		</BOUNDS>
		<ALIGN>
			<HALIGN>right</HALIGN>
		</ALIGN>
	</BUTTON>
	<LABEL item="LabelBGMVolume" parent="AudioOptionGroup1">
		<FONT>FONTa9</FONT>
		<TEXTCOLOR>
			<R>205</R>
			<G>205</G>
			<B>205</B>
		</TEXTCOLOR>
		<BOUNDS>
			<X>3</X>
			<Y>30</Y>
			<W>300</W>
			<H>24</H>
		</BOUNDS>
		<TEXT>STR:UI_OPTION_14</TEXT> <!-- 배경음악 볼륨 -->
	</LABEL>
	<SLIDER item="BGMVolumeSlider" parent="AudioOptionGroup1">
		<BOUNDS>
			<X>105</X>
			<Y>30</Y>
			<W>140</W>
			<H>24</H>
		</BOUNDS>
		<ALIGN>
			<HALIGN>right</HALIGN>
		</ALIGN>
	</SLIDER>

	<LABEL item="LabelEffectMute" parent="AudioOptionGroup1">
		<FONT>FONTa9</FONT>
		<TEXTCOLOR>
			<R>205</R>
			<G>205</G>
			<B>205</B>
		</TEXTCOLOR>
		<BOUNDS>
			<X>3</X>
			<Y>60</Y>
			<W>300</W>
			<H>24</H>
		</BOUNDS>
		<TEXT>STR:UI_OPTION_15</TEXT> <!-- 효과음 -->
	</LABEL>
	<BUTTON item="EffectMute" parent="AudioOptionGroup1">
		<BUTTONLOOK>Custom1ButtonLook</BUTTONLOOK>
		<PUSHBUTTON/>
		<BOUNDS>
			<X>229</X>
			<Y>60</Y>
			<W>24</W>
			<H>24</H>
		</BOUNDS>
		<ALIGN>
			<HALIGN>right</HALIGN>
		</ALIGN>
	</BUTTON>
	<LABEL item="LabelEffectVolume" parent="AudioOptionGroup1">
		<FONT>FONTa9</FONT>
		<TEXTCOLOR>
			<R>205</R>
			<G>205</G>
			<B>205</B>
		</TEXTCOLOR>
		<BOUNDS>
			<X>3</X>
			<Y>90</Y>
			<W>300</W>
			<H>24</H>
		</BOUNDS>
		<TEXT>STR:UI_OPTION_16</TEXT> <!-- 효과음 볼륨 -->
	</LABEL>
	<SLIDER item="EffectVolumeSlider" parent="AudioOptionGroup1">
		<BOUNDS>
			<X>105</X>
			<Y>90</Y>
			<W>140</W>
			<H>24</H>
		</BOUNDS>
		<ALIGN>
			<HALIGN>right</HALIGN>
		</ALIGN>
	</SLIDER>

<!--	<BUTTON item="8BitSound" parent="AudioOptionGroup">
		<PUSHBUTTON/>
		<BOUNDS>
			<X>2</X>
			<Y>130</Y>
			<W>140</W>
			<H>24</H>
		</BOUNDS>
		<TEXT>8비트사운드</TEXT>
	</BUTTON>

	<BUTTON item="16BitSound" parent="AudioOptionGroup">
		<PUSHBUTTON/>
		<BOUNDS>
			<X>190</X>
			<Y>130</Y>
			<W>140</W>
			<H>24</H>
		</BOUNDS>
		<TEXT>16비트사운드</TEXT>
	</BUTTON>
	-->

	<LABEL item="Label" parent="AudioOptionGroup1">
		<FONT>FONTa9</FONT>
		<TEXTCOLOR>
			<R>205</R>
			<G>205</G>
			<B>205</B>
		</TEXTCOLOR>
		<BOUNDS>
			<X>2</X>
			<Y>160</Y>
			<W>300</W>
			<H>24</H>
		</BOUNDS>
		<TEXT>STR:UI_OPTION_17</TEXT> <!-- 3D사운드 좌우반전 -->
	</LABEL>
	<BUTTON item="InverseSound" parent="AudioOptionGroup1">
		<BUTTONLOOK>Custom1ButtonLook</BUTTONLOOK>
		<PUSHBUTTON/>
		<BOUNDS>
			<X>229</X>
			<Y>160</Y>
			<W>24</W>
			<H>24</H>
		</BOUNDS>
		<ALIGN>
			<HALIGN>right</HALIGN>
		</ALIGN>
	</BUTTON>

	<LABEL item="Label" parent="AudioOptionGroup1">
		<FONT>FONTa9</FONT>
		<TEXTCOLOR>
			<R>205</R>
			<G>205</G>
			<B>205</B>
		</TEXTCOLOR>
		<BOUNDS>
			<X>2</X>
			<Y>190</Y>
			<W>300</W>
			<H>24</H>
		</BOUNDS>
		<TEXT>STR:UI_OPTION_18</TEXT> <!-- 하드웨어 믹싱지원 -->
	</LABEL>
	<BUTTON item="HWMixing" parent="AudioOptionGroup1">
		<BUTTONLOOK>Custom1ButtonLook</BUTTONLOOK>
		<PUSHBUTTON/>
		<BOUNDS>
			<X>229</X>
			<Y>190</Y>
			<W>24</W>
			<H>24</H>
		</BOUNDS>
		<ALIGN>
			<HALIGN>right</HALIGN>
		</ALIGN>
	</BUTTON>

	<LABEL item="Label" parent="AudioOptionGroup1">
		<FONT>FONTa9</FONT>
		<TEXTCOLOR>
			<R>205</R>
			<G>205</G>
			<B>205</B>
		</TEXTCOLOR>
		<BOUNDS>
			<X>2</X>
			<Y>220</Y>
			<W>300</W>
			<H>24</H>
		</BOUNDS>
		<TEXT>STR:UI_OPTION_19</TEXT> <!-- 적 명중시 표시음 -->
	</LABEL>
	<BUTTON item="HitSound" parent="AudioOptionGroup1">
		<BUTTONLOOK>Custom1ButtonLook</BUTTONLOOK>
		<PUSHBUTTON/>
		<BOUNDS>
			<X>229</X>
			<Y>220</Y>
			<W>24</W>
			<H>24</H>
		</BOUNDS>
		<ALIGN>
			<HALIGN>right</HALIGN>
		</ALIGN>
	</BUTTON>

	<LABEL item="Label" parent="AudioOptionGroup1">
		<FONT>FONTa9</FONT>
		<TEXTCOLOR>
			<R>205</R>
			<G>205</G>
			<B>205</B>
		</TEXTCOLOR>
		<BOUNDS>
			<X>2</X>
			<Y>250</Y>
			<W>300</W>
			<H>24</H>
		</BOUNDS>
		<TEXT>STR:UI_OPTION_74</TEXT> <!-- 해설자 음성 출력 -->
	</LABEL>
	<BUTTON item="NarrationSound" parent="AudioOptionGroup1">
		<BUTTONLOOK>Custom1ButtonLook</BUTTONLOOK>
		<PUSHBUTTON/>
		<BOUNDS>
			<X>229</X>
			<Y>250</Y>
			<W>24</W>
			<H>24</H>
		</BOUNDS>
		<ALIGN>
			<HALIGN>right</HALIGN>
		</ALIGN>
	</BUTTON>

	<LABEL item="LabelEffect3D" parent="AudioOptionGroup1">
		<FONT>FONTa9</FONT>
		<TEXTCOLOR>
			<R>205</R>
			<G>205</G>
			<B>205</B>
		</TEXTCOLOR>
		<BOUNDS>
			<X>2</X>
			<Y>280</Y>
			<W>300</W>
			<H>24</H>
		</BOUNDS>
		<TEXT>3D Sound</TEXT>
	</LABEL>
	<BUTTON item="Effect3D" parent="AudioOptionGroup1">
		<BUTTONLOOK>Custom1ButtonLook</BUTTONLOOK>
		<PUSHBUTTON/>
		<BOUNDS>
			<X>229</X>
			<Y>280</Y>
			<W>24</W>
			<H>24</H>
		</BOUNDS>
		<ALIGN>
			<HALIGN>right</HALIGN>
		</ALIGN>
	</BUTTON>
	
	<!-- Mp3 -->
		<!--Custom: Mp3 Player -->
	<FRAME item="Mp3Widget" parent="AudioOptionGroup2">
		<FRAMELOOK>Custom2FrameLook</FRAMELOOK>
		<BOUNDS>
			<X>0</X> <!-- 180 -->
			<Y>13</Y> <!-- 545-->
			<W>400</W> <!-- 343-->
			<H>200</H> <!-- 54-->
		</BOUNDS>
		<TITLEBAR>false</TITLEBAR>
		<RESIZABLE>false</RESIZABLE>
		<FOCUSABLE>false</FOCUSABLE>
		<VISIBLE>true</VISIBLE>
	</FRAME>

	<BMBUTTON item="Mp3_Previous" parent="Mp3Widget">
		<BOUNDS>
			<X>2</X>
			<Y>2</Y>
			<W>24</W>
			<H>24</H>
		</BOUNDS>
		<STRETCH/>
		<BITMAP type="up">prev0.png</BITMAP>
		<BITMAP type="over">prev1.png</BITMAP>
		<BITMAP type="down">prev2.png</BITMAP>
	</BMBUTTON>
	
	<BMBUTTON item="Mp3_Pause" parent="Mp3Widget">
		<BOUNDS>
			<X>29</X>
			<Y>11</Y>
			<W>32</W>
			<H>32</H>
		</BOUNDS>
		<STRETCH/>
		<BITMAP type="up">play0.png</BITMAP>
		<BITMAP type="down">pause0.png</BITMAP>
		<PUSHBUTTON/>
		<SETCHECK/>
	</BMBUTTON>
	
	<BMBUTTON item="Mp3_Next" parent="Mp3Widget">
		<BOUNDS>
			<X>64</X>
			<Y>2</Y>
			<W>24</W>
			<H>24</H>
		</BOUNDS>
		<STRETCH/>
		<BITMAP type="up">next0.png</BITMAP>
		<BITMAP type="over">next1.png</BITMAP>	
		<BITMAP type="down">next2.png</BITMAP>
	</BMBUTTON>
	
	<BMBUTTON item="Mp3_Repeat" parent="Mp3Widget">
		<BOUNDS>
			<X>2</X>
			<Y>28</Y>
			<W>24</W>
			<H>24</H>
		</BOUNDS>
		<STRETCH/>
		<BITMAP type="up">repeat2.png</BITMAP>
		<BITMAP type="over">repeat1.png</BITMAP>
		<BITMAP type="down">repeat0.png</BITMAP>
		<PUSHBUTTON/>
		<SETCHECK/>
	</BMBUTTON>
	
	<BMBUTTON item="Mp3_Shuffle" parent="Mp3Widget">
		<BOUNDS>
			<X>64</X>
			<Y>28</Y>
			<W>24</W>
			<H>24</H>
		</BOUNDS>
		<STRETCH/>
		<BITMAP type="up">shuffle2.png</BITMAP>
		<BITMAP type="over">shuffle1.png</BITMAP>
		<BITMAP type="down">shuffle0.png</BITMAP>
		<PUSHBUTTON/>
		<SETCHECK/>
	</BMBUTTON>
	
	<COMBOBOX item="Mp3_ComboBox" parent="Mp3Widget">
		<LISTBOXLOOK>CustomListBoxLook</LISTBOXLOOK>
		<BUTTONLOOK>ListBoxButtonLook</BUTTONLOOK>
		<FONT>FONTa9</FONT>
		<TEXTCOLOR>
			<R>205</R>
			<G>205</G>
			<B>205</B>
		</TEXTCOLOR>
		<TEXTALIGN>
			<VALIGN>center</VALIGN>
			<HALIGN>left</HALIGN>
		</TEXTALIGN>
		<BOUNDS>
			<X>94</X>
			<Y>26</Y>
			<W>247</W>
			<H>24</H>
		</BOUNDS>
		<DROPSIZE>80</DROPSIZE>
		<COMBOTYPE>1</COMBOTYPE>
	</COMBOBOX>
	
	 <LABEL item="Mp3_Text" parent="Mp3Widget">
		<BOUNDS>
			<X>94</X>
			<Y>0</Y>
			<W>247</W>
			<H>24</H>
		</BOUNDS>
		<TEXT>Now Playing:</TEXT>
	</LABEL>
	<!-- end mp3-->
	
	<!-- Keyboard Option -->
	<FRAME item="KeyboardOptionGroup" parent="OptionGroup">
		<FRAMELOOK>NullFrameLook</FRAMELOOK>
		<BOUNDS>
			<X>140</X>
			<Y>40</Y>
			<W>430</W>
			<H>430</H>
		</BOUNDS>
		<VISIBLE>FALSE</VISIBLE>
		<RESIZABLE>false</RESIZABLE>
		<FOCUSABLE>false</FOCUSABLE>
		<MOVABLE>false</MOVABLE>
	</FRAME>

	<FRAME item="KeyboardOptionGroup1" parent="KeyboardOptionGroup">
		<FRAMELOOK>NullFrameLook</FRAMELOOK>
		<BOUNDS>
			<X>20</X>
			<Y>40</Y>
			<W>350</W>
			<H>400</H>
		</BOUNDS>
		<VISIBLE>TRUE</VISIBLE>
		<RESIZABLE>false</RESIZABLE>
		<FOCUSABLE>false</FOCUSABLE>
		<MOVABLE>false</MOVABLE>
	</FRAME>

	<FRAME item="KeyboardOptionGroup2" parent="KeyboardOptionGroup">
		<FRAMELOOK>NullFrameLook</FRAMELOOK>
		<BOUNDS>
			<X>20</X>
			<Y>40</Y>
			<W>350</W>
			<H>400</H>
		</BOUNDS>
		<VISIBLE>FALSE</VISIBLE>
		<RESIZABLE>false</RESIZABLE>
		<FOCUSABLE>false</FOCUSABLE>
		<MOVABLE>false</MOVABLE>
	</FRAME>
	
	<FRAME item="KeyboardOptionGroup3" parent="KeyboardOptionGroup">
		<FRAMELOOK>NullFrameLook</FRAMELOOK>
		<BOUNDS>
			<X>20</X>
			<Y>40</Y>
			<W>350</W>
			<H>400</H>
		</BOUNDS>
		<VISIBLE>FALSE</VISIBLE>
		<RESIZABLE>false</RESIZABLE>
		<FOCUSABLE>false</FOCUSABLE>
		<MOVABLE>false</MOVABLE>
	</FRAME>

	<FRAME item="KeyboardOptionGroup4" parent="KeyboardOptionGroup">
		<FRAMELOOK>NullFrameLook</FRAMELOOK>
		<BOUNDS>
			<X>20</X>
			<Y>40</Y>
			<W>350</W>
			<H>400</H>
		</BOUNDS>
		<VISIBLE>FALSE</VISIBLE>
		<RESIZABLE>false</RESIZABLE>
		<FOCUSABLE>false</FOCUSABLE>
		<MOVABLE>false</MOVABLE>
	</FRAME>
	
	<FRAME item="KeyboardOptionGroup5" parent="KeyboardOptionGroup">
		<FRAMELOOK>NullFrameLook</FRAMELOOK>
		<BOUNDS>
			<X>20</X>
			<Y>40</Y>
			<W>350</W>
			<H>400</H>
		</BOUNDS>
		<VISIBLE>FALSE</VISIBLE>
		<RESIZABLE>false</RESIZABLE>
		<FOCUSABLE>false</FOCUSABLE>
		<MOVABLE>false</MOVABLE>
	</FRAME>

	<FRAME item="KeyboardOptionGroup6" parent="KeyboardOptionGroup">
		<FRAMELOOK>NullFrameLook</FRAMELOOK>
		<BOUNDS>
			<X>20</X>
			<Y>40</Y>
			<W>350</W>
			<H>400</H>
		</BOUNDS>
		<VISIBLE>FALSE</VISIBLE>
		<RESIZABLE>false</RESIZABLE>
		<FOCUSABLE>false</FOCUSABLE>
		<MOVABLE>false</MOVABLE>
	</FRAME>

	<BUTTON item="ControlTabBtn1" parent="KeyboardOptionGroup">
		<BOUNDS>
			<X>0</X>
			<Y>0</Y>
			<W>65</W>
			<H>30</H>
		</BOUNDS>
		<TEXT>STR:UI_OPTION_68</TEXT>
	</BUTTON>
	<BUTTON item="ControlTabBtn2" parent="KeyboardOptionGroup">
		<BOUNDS>
			<X>70</X>
			<Y>0</Y>
			<W>65</W>
			<H>30</H>
		</BOUNDS>
		<TEXT>STR:UI_OPTION_69</TEXT>
	</BUTTON>
	<BUTTON item="ControlTabBtn3" parent="KeyboardOptionGroup">
		<BOUNDS>
			<X>140</X>
			<Y>0</Y>
			<W>65</W>
			<H>30</H>
		</BOUNDS>
		<TEXT>STR:UI_OPTION_80</TEXT>	<!-- 액션 3 -->
	</BUTTON>
	<BUTTON item="ControlTabBtn4" parent="KeyboardOptionGroup">
		<BOUNDS>
			<X>210</X>
			<Y>0</Y>
			<W>65</W>
			<H>30</H>
		</BOUNDS>
		<TEXT>STR:UI_OPTION_70</TEXT>
	</BUTTON>
	<BUTTON item="ControlTabBtn5" parent="KeyboardOptionGroup">
		<BOUNDS>
			<X>280</X>
			<Y>0</Y>
			<W>65</W>
			<H>30</H>
		</BOUNDS>
		<TEXT>STR:UI_OPTION_71</TEXT>
	</BUTTON>
	<BUTTON item="ControlTabBtn6" parent="KeyboardOptionGroup">
		<BOUNDS>
			<X>350</X>
			<Y>0</Y>
			<W>65</W>
			<H>30</H>
		</BOUNDS>
		<TEXT>STR:UI_OPTION_72</TEXT>
	</BUTTON>

	<TABCONTROL item="ControlTabControl">
		<TAB button = "ControlTabBtn1" widget = "KeyboardOptionGroup1"/>
		<TAB button = "ControlTabBtn2" widget = "KeyboardOptionGroup2"/>
		<TAB button = "ControlTabBtn3" widget = "KeyboardOptionGroup3"/>
		<TAB button = "ControlTabBtn4" widget = "KeyboardOptionGroup4"/>
		<TAB button = "ControlTabBtn5" widget = "KeyboardOptionGroup5"/>
		<TAB button = "ControlTabBtn6" widget = "KeyboardOptionGroup6"/>
		<TABCONTROLLOOK>NullTabLook</TABCONTROLLOOK>
	</TABCONTROL>
	
	<!-- action1 tab -->
	<LABEL item="Label" parent="KeyboardOptionGroup1">
		<FONT>FONTa9</FONT>
		<TEXTCOLOR>
			<R>205</R>
			<G>205</G>
			<B>205</B>
		</TEXTCOLOR>
		<BOUNDS>
			<X>20</X>
			<Y>0</Y>
			<W>100</W>
			<H>24</H>
		</BOUNDS>
		<TEXT>STR:UI_OPTION_22</TEXT> <!-- 앞으로 가기 -->
	</LABEL>
	<ACTIONKEY item="ForwardActionKey" parent="KeyboardOptionGroup1">
		<BOUNDS>
			<X>140</X>
			<Y>0</Y>
			<W>200</W>
			<H>24</H>
		</BOUNDS>
	</ACTIONKEY>

	<LABEL item="Label" parent="KeyboardOptionGroup1">
		<FONT>FONTa9</FONT>
		<TEXTCOLOR>
			<R>205</R>
			<G>205</G>
			<B>205</B>
		</TEXTCOLOR>
		<BOUNDS>
			<X>20</X>
			<Y>30</Y>
			<W>100</W>
			<H>24</H>
		</BOUNDS>
		<TEXT>STR:UI_OPTION_23</TEXT> <!-- 뒤로 가기 -->
	</LABEL>
	<ACTIONKEY item="BackActionKey" parent="KeyboardOptionGroup1">
		<BOUNDS>
			<X>140</X>
			<Y>30</Y>
			<W>200</W>
			<H>24</H>
		</BOUNDS>
	</ACTIONKEY>

	<LABEL item="Label" parent="KeyboardOptionGroup1">
		<FONT>FONTa9</FONT>
		<TEXTCOLOR>
			<R>205</R>
			<G>205</G>
			<B>205</B>
		</TEXTCOLOR>
		<BOUNDS>
			<X>20</X>
			<Y>60</Y>
			<W>100</W>
			<H>24</H>
		</BOUNDS>
		<TEXT>STR:UI_OPTION_24</TEXT> <!-- 왼쪽으로 가기 -->
	</LABEL>
	<ACTIONKEY item="LeftActionKey" parent="KeyboardOptionGroup1">
		<BOUNDS>
			<X>140</X>
			<Y>60</Y>
			<W>200</W>
			<H>24</H>
		</BOUNDS>
	</ACTIONKEY>

	<LABEL item="Label" parent="KeyboardOptionGroup1">
		<FONT>FONTa9</FONT>
		<TEXTCOLOR>
			<R>205</R>
			<G>205</G>
			<B>205</B>
		</TEXTCOLOR>
		<BOUNDS>
			<X>20</X>
			<Y>90</Y>
			<W>100</W>
			<H>24</H>
		</BOUNDS>
		<TEXT>STR:UI_OPTION_25</TEXT> <!-- 오른쪽으로 가기 -->
	</LABEL>
	<ACTIONKEY item="RightActionKey" parent="KeyboardOptionGroup1">
		<BOUNDS>
			<X>140</X>
			<Y>90</Y>
			<W>200</W>
			<H>24</H>
		</BOUNDS>
	</ACTIONKEY>

	<LABEL item="Label" parent="KeyboardOptionGroup1">
		<FONT>FONTa9</FONT>
		<TEXTCOLOR>
			<R>205</R>
			<G>205</G>
			<B>205</B>
		</TEXTCOLOR>
		<BOUNDS>
			<X>20</X>
			<Y>120</Y>
			<W>100</W>
			<H>24</H>
		</BOUNDS>
		<TEXT>STR:UI_OPTION_59</TEXT> <!-- 무기 사용 -->
	</LABEL>
	<ACTIONKEY item="UseWeaponActionKey" parent="KeyboardOptionGroup1">
		<BOUNDS>
			<X>140</X>
			<Y>120</Y>
			<W>200</W>
			<H>24</H>
		</BOUNDS>
	</ACTIONKEY>
	
	<LABEL item="Label" parent="KeyboardOptionGroup1">
		<FONT>FONTa9</FONT>
		<TEXTCOLOR>
			<R>205</R>
			<G>205</G>
			<B>205</B>
		</TEXTCOLOR>
		<BOUNDS>
			<X>20</X>
			<Y>150</Y>
			<W>100</W>
			<H>24</H>
		</BOUNDS>
		<TEXT>STR:UI_OPTION_73</TEXT> <!-- 무기 사용2 -->
	</LABEL>
	<ACTIONKEY item="UseWeapon2ActionKey" parent="KeyboardOptionGroup1">
		<BOUNDS>
			<X>140</X>
			<Y>150</Y>
			<W>200</W>
			<H>24</H>
		</BOUNDS>
	</ACTIONKEY>
	
	<LABEL item="Label" parent="KeyboardOptionGroup1">
		<FONT>FONTa9</FONT>
		<TEXTCOLOR>
			<R>205</R>
			<G>205</G>
			<B>205</B>
		</TEXTCOLOR>
		<BOUNDS>
			<X>20</X>
			<Y>180</Y>
			<W>200</W>
			<H>24</H>
		</BOUNDS>
		<TEXT>STR:UI_OPTION_34</TEXT> <!-- 재장전 -->
	</LABEL>
	<ACTIONKEY item="ReloadActionKey" parent="KeyboardOptionGroup1">
		<BOUNDS>
			<X>140</X>
			<Y>180</Y>
			<W>200</W>
			<H>24</H>
		</BOUNDS>
	</ACTIONKEY>

	<LABEL item="Label" parent="KeyboardOptionGroup1">
		<TEXTCOLOR>
			<R>205</R>
			<G>205</G>
			<B>205</B>
		</TEXTCOLOR>
		<BOUNDS>
			<X>20</X>
			<Y>210</Y>
			<W>100</W>
			<H>24</H>
		</BOUNDS>
	<TEXT>STR:UI_OPTION_35</TEXT> <!-- 점프 -->
	</LABEL>
	<ACTIONKEY item="JumpActionKey" parent="KeyboardOptionGroup1">
		<BOUNDS>
			<X>140</X>
			<Y>210</Y>
			<W>200</W>
			<H>24</H>
		</BOUNDS>
	</ACTIONKEY>

	<LABEL item="Label" parent="KeyboardOptionGroup1">
		<FONT>FONTa9</FONT>
		<TEXTCOLOR>
			<R>205</R>
			<G>205</G>
			<B>205</B>
		</TEXTCOLOR>
		<BOUNDS>
			<X>20</X>
			<Y>240</Y>
			<W>100</W>
			<H>24</H>
		</BOUNDS>
		<TEXT>STR:UI_OPTION_39</TEXT> <!-- 방어 -->
	</LABEL>
	<ACTIONKEY item="DefenceActionKey" parent="KeyboardOptionGroup1">
		<BOUNDS>
			<X>140</X>
			<Y>240</Y>
			<W>200</W>
			<H>24</H>
		</BOUNDS>
	</ACTIONKEY>

	<LABEL item="Label" parent="KeyboardOptionGroup1">
		<FONT>FONTa9</FONT>
		<TEXTCOLOR>
			<R>205</R>
			<G>205</G>
			<B>205</B>
		</TEXTCOLOR>
		<BOUNDS>
			<X>20</X>
			<Y>270</Y>
			<W>100</W>
			<H>24</H>
		</BOUNDS>
		<TEXT>STR:UI_OPTION_31</TEXT> <!-- 이전무기 -->
	</LABEL>
	<ACTIONKEY item="PrevousWeaponActionKey" parent="KeyboardOptionGroup1">
		<BOUNDS>
			<X>140</X>
			<Y>270</Y>
			<W>200</W>
			<H>24</H>
		</BOUNDS>
	</ACTIONKEY>


	<LABEL item="Label" parent="KeyboardOptionGroup1">
		<FONT>FONTa9</FONT>
		<TEXTCOLOR>
			<R>205</R>
			<G>205</G>
			<B>205</B>
		</TEXTCOLOR>
		<BOUNDS>
			<X>20</X>
			<Y>300</Y>
			<W>100</W>
			<H>24</H>
		</BOUNDS>
		<TEXT>STR:UI_OPTION_32</TEXT> <!-- 다음무기 -->
	</LABEL>
	<ACTIONKEY item="NextWeaponActionKey" parent="KeyboardOptionGroup1">
		<BOUNDS>
			<X>140</X>
			<Y>300</Y>
			<W>200</W>
			<H>24</H>
		</BOUNDS>
	</ACTIONKEY>


	<!-- action2 tab -->
	<LABEL item="Label" parent="KeyboardOptionGroup2">
		<FONT>FONTa9</FONT>
		<TEXTCOLOR>
			<R>205</R>
			<G>205</G>
			<B>205</B>
		</TEXTCOLOR>
		<BOUNDS>
			<X>20</X>
			<Y>0</Y>
			<W>150</W>
			<H>24</H>
		</BOUNDS>
		<TEXT>STR:UI_OPTION_26</TEXT> <!-- 근접 무기 선택 -->
	</LABEL>
	<ACTIONKEY item="MeleeWeaponActionKey" parent="KeyboardOptionGroup2">
		<BOUNDS>
			<X>140</X>
			<Y>0</Y>
			<W>200</W>
			<H>24</H>
		</BOUNDS>
	</ACTIONKEY>

	<LABEL item="Label" parent="KeyboardOptionGroup2">
		<FONT>FONTa9</FONT>
		<TEXTCOLOR>
			<R>205</R>
			<G>205</G>
			<B>205</B>
		</TEXTCOLOR>
		<BOUNDS>
			<X>20</X>
			<Y>30</Y>
			<W>100</W>
			<H>24</H>
		</BOUNDS>
		<TEXT>STR:UI_OPTION_27</TEXT> <!-- 주 무기 선택 -->
	</LABEL>
	<ACTIONKEY item="PrimaryWeaponActionKey" parent="KeyboardOptionGroup2">
		<BOUNDS>
			<X>140</X>
			<Y>30</Y>
			<W>200</W>
			<H>24</H>
		</BOUNDS>
	</ACTIONKEY>

	<LABEL item="Label" parent="KeyboardOptionGroup2">
		<FONT>FONTa9</FONT>
		<TEXTCOLOR>
			<R>205</R>
			<G>205</G>
			<B>205</B>
		</TEXTCOLOR>
		<BOUNDS>
			<X>20</X>
			<Y>60</Y>
			<W>100</W>
			<H>24</H>
		</BOUNDS>
		<TEXT>STR:UI_OPTION_28</TEXT> <!-- 보조 무기 선택 -->
	</LABEL>
	<ACTIONKEY item="SecondaryWeaponActionKey" parent="KeyboardOptionGroup2">
		<BOUNDS>
			<X>140</X>
			<Y>60</Y>
			<W>200</W>
			<H>24</H>
		</BOUNDS>
	</ACTIONKEY>


	<LABEL item="Label" parent="KeyboardOptionGroup2">
		<FONT>FONTa9</FONT>
		<TEXTCOLOR>
			<R>205</R>
			<G>205</G>
			<B>205</B>
		</TEXTCOLOR>
		<BOUNDS>
			<X>20</X>
			<Y>90</Y>
			<W>100</W>
			<H>24</H>
		</BOUNDS>
		<TEXT>STR:UI_OPTION_81</TEXT> <!-- 아이템1 선택 -->
	</LABEL>
	<ACTIONKEY item="Item1ActionKey" parent="KeyboardOptionGroup2">
		<BOUNDS>
			<X>140</X>
			<Y>90</Y>
			<W>200</W>
			<H>24</H>
		</BOUNDS>
	</ACTIONKEY>

	<LABEL item="Label" parent="KeyboardOptionGroup2">
		<FONT>FONTa9</FONT>
		<TEXTCOLOR>
			<R>205</R>
			<G>205</G>
			<B>205</B>
		</TEXTCOLOR>
		<BOUNDS>
			<X>20</X>
			<Y>120</Y>
			<W>120</W>
			<H>24</H>
		</BOUNDS>
		<TEXT>STR:UI_OPTION_82</TEXT> <!-- 아이템2 선택 -->
	</LABEL>
	<ACTIONKEY item="Item2ActionKey" parent="KeyboardOptionGroup2">
		<BOUNDS>
			<X>140</X>
			<Y>120</Y>
			<W>200</W>
			<H>24</H>
		</BOUNDS>
	</ACTIONKEY>	

	<!-- action3 tab -->
	<LABEL item="Label" parent="KeyboardOptionGroup3">
		<FONT>FONTa9</FONT>
		<TEXTCOLOR>
			<R>205</R>
			<G>205</G>
			<B>205</B>
		</TEXTCOLOR>
		<BOUNDS>
			<X>20</X>
			<Y>0</Y>
			<W>100</W>
			<H>24</H>
		</BOUNDS>
		<TEXT>STR:UI_OPTION_40</TEXT> <!-- 채팅창보기 -->
	</LABEL>
	<ACTIONKEY item="ToggleChatActionKey" parent="KeyboardOptionGroup3">
		<BOUNDS>
			<X>140</X>
			<Y>0</Y>
			<W>200</W>
			<H>24</H>
		</BOUNDS>
	</ACTIONKEY>
	
	<LABEL item="Label" parent="KeyboardOptionGroup3">
		<FONT>FONTa9</FONT>
		<TEXTCOLOR>
			<R>205</R>
			<G>205</G>
			<B>205</B>
		</TEXTCOLOR>
		<BOUNDS>
			<X>20</X>
			<Y>30</Y>
			<W>100</W>
			<H>24</H>
		</BOUNDS>
		<TEXT>STR:UI_OPTION_36</TEXT> <!-- 점수 보기 -->
	</LABEL>
	<ACTIONKEY item="ScoreActionKey" parent="KeyboardOptionGroup3">
		<BOUNDS>
			<X>140</X>
			<Y>30</Y>
			<W>200</W>
			<H>24</H>
		</BOUNDS>
	</ACTIONKEY>


	<LABEL item="Label" parent="KeyboardOptionGroup3">
		<FONT>FONTa9</FONT>
		<TEXTCOLOR>
			<R>205</R>
			<G>205</G>
			<B>205</B>
		</TEXTCOLOR>
		<BOUNDS>
			<X>20</X>
			<Y>60</Y>
			<W>100</W>
			<H>24</H>
		</BOUNDS>
		<TEXT>STR:UI_OPTION_37</TEXT> <!-- 스크린샷 -->
	</LABEL>
	<ACTIONKEY item="ScreenShotActionKey" parent="KeyboardOptionGroup3">
		<BOUNDS>
			<X>140</X>
			<Y>60</Y>
			<W>200</W>
			<H>24</H>
		</BOUNDS>
	</ACTIONKEY>

	<LABEL item="Label" parent="KeyboardOptionGroup3">
		<FONT>FONTa9</FONT>
		<TEXTCOLOR>
			<R>205</R>
			<G>205</G>
			<B>205</B>
		</TEXTCOLOR>
		<BOUNDS>
			<X>20</X>
			<Y>90</Y>
			<W>100</W>
			<H>24</H>
		</BOUNDS>
		<TEXT>STR:UI_OPTION_38</TEXT> <!-- 재생 -->
	</LABEL>
	<ACTIONKEY item="RecordActionKey" parent="KeyboardOptionGroup3">
		<BOUNDS>
			<X>140</X>
			<Y>90</Y>
			<W>200</W>
			<H>24</H>
		</BOUNDS>
	</ACTIONKEY>
		
	<LABEL item="Label" parent="KeyboardOptionGroup3">
		<FONT>FONTa9</FONT>
		<TEXTCOLOR>
			<R>205</R>
			<G>205</G>
			<B>205</B>
		</TEXTCOLOR>
		<BOUNDS>
			<X>20</X>
			<Y>120</Y>
			<W>100</W>
			<H>24</H>
		</BOUNDS>
		<TEXT>STR:UI_OPTION_75</TEXT> <!-- 동영상 녹화 -->
	</LABEL>
	<ACTIONKEY item="MovingPictureActionKey" parent="KeyboardOptionGroup3">
		<BOUNDS>
			<X>140</X>
			<Y>120</Y>
			<W>200</W>
			<H>24</H>
		</BOUNDS>
	</ACTIONKEY>
	
	<!-- Custom Mp3-->
	<LABEL item="Label" parent="KeyboardOptionGroup3">
		<FONT>FONTa9</FONT>
		<TEXTCOLOR>
			<R>205</R>
			<G>205</G>
			<B>205</B>
		</TEXTCOLOR>
		<BOUNDS>
			<X>20</X>
			<Y>150</Y>
			<W>100</W>
			<H>24</H>
		</BOUNDS>
		<TEXT>Previous Song</TEXT> <!-- 동영상 녹화 -->
	</LABEL>
	<ACTIONKEY item="PreviousSongActionKey" parent="KeyboardOptionGroup3">
		<BOUNDS>
			<X>140</X>
			<Y>150</Y>
			<W>200</W>
			<H>24</H>
		</BOUNDS>
	</ACTIONKEY>
	
	<LABEL item="Label" parent="KeyboardOptionGroup3">
		<FONT>FONTa9</FONT>
		<TEXTCOLOR>
			<R>205</R>
			<G>205</G>
			<B>205</B>
		</TEXTCOLOR>
		<BOUNDS>
			<X>20</X>
			<Y>180</Y>
			<W>100</W>
			<H>24</H>
		</BOUNDS>
		<TEXT>Next Song</TEXT> <!-- 동영상 녹화 -->
	</LABEL>
	<ACTIONKEY item="NextSongActionKey" parent="KeyboardOptionGroup3">
		<BOUNDS>
			<X>140</X>
			<Y>180</Y>
			<W>200</W>
			<H>24</H>
		</BOUNDS>
	</ACTIONKEY>

	<!-- emotion tab -->
	<LABEL item="Label" parent="KeyboardOptionGroup4">
		<FONT>FONTa9</FONT>
		<TEXTCOLOR>
			<R>205</R>
			<G>205</G>
			<B>205</B>
		</TEXTCOLOR>
		<BOUNDS>
			<X>20</X>
			<Y>0</Y>
			<W>100</W>
			<H>24</H>
		</BOUNDS>
		<TEXT>STR:UI_OPTION_60</TEXT> <!-- 도발 -->
	</LABEL>
	<ACTIONKEY item="TauntActionKey" parent="KeyboardOptionGroup4">
		<BOUNDS>
			<X>140</X>
			<Y>0</Y>
			<W>200</W>
			<H>24</H>
		</BOUNDS>
	</ACTIONKEY>

	<LABEL item="Label" parent="KeyboardOptionGroup4">
		<FONT>FONTa9</FONT>
		<TEXTCOLOR>
			<R>205</R>
			<G>205</G>
			<B>205</B>
		</TEXTCOLOR>
		<BOUNDS>
			<X>20</X>
			<Y>30</Y>
			<W>100</W>
			<H>24</H>
		</BOUNDS>
		<TEXT>STR:UI_OPTION_61</TEXT> <!-- 인사 -->
	</LABEL>
	<ACTIONKEY item="BowActionKey" parent="KeyboardOptionGroup4">
		<BOUNDS>
			<X>140</X>
			<Y>30</Y>
			<W>200</W>
			<H>24</H>
		</BOUNDS>
	</ACTIONKEY>

	<LABEL item="Label" parent="KeyboardOptionGroup4">
		<FONT>FONTa9</FONT>
		<TEXTCOLOR>
			<R>205</R>
			<G>205</G>
			<B>205</B>
		</TEXTCOLOR>
		<BOUNDS>
			<X>20</X>
			<Y>60</Y>
			<W>100</W>
			<H>24</H>
		</BOUNDS>
		<TEXT>STR:UI_OPTION_62</TEXT> <!-- 손 흔들기 -->
	</LABEL>
	<ACTIONKEY item="WaveActionKey" parent="KeyboardOptionGroup4">
		<BOUNDS>
			<X>140</X>
			<Y>60</Y>
			<W>200</W>
			<H>24</H>
		</BOUNDS>
	</ACTIONKEY>

	<LABEL item="Label" parent="KeyboardOptionGroup4">
		<FONT>FONTa9</FONT>
		<TEXTCOLOR>
			<R>205</R>
			<G>205</G>
			<B>205</B>
		</TEXTCOLOR>
		<BOUNDS>
			<X>20</X>
			<Y>90</Y>
			<W>100</W>
			<H>24</H>
		</BOUNDS>
		<TEXT>STR:UI_OPTION_63</TEXT> <!-- 웃기 -->
	</LABEL>
	<ACTIONKEY item="LaughActionKey" parent="KeyboardOptionGroup4">
		<BOUNDS>
			<X>140</X>
			<Y>90</Y>
			<W>200</W>
			<H>24</H>
		</BOUNDS>
	</ACTIONKEY>

	<LABEL item="Label" parent="KeyboardOptionGroup4">
		<FONT>FONTa9</FONT>
		<TEXTCOLOR>
			<R>205</R>
			<G>205</G>
			<B>205</B>
		</TEXTCOLOR>
		<BOUNDS>
			<X>20</X>
			<Y>120</Y>
			<W>150</W>
			<H>24</H>
		</BOUNDS>
		<TEXT>STR:UI_OPTION_64</TEXT> <!-- 울기 -->
	</LABEL>
	<ACTIONKEY item="CryActionKey" parent="KeyboardOptionGroup4">
		<BOUNDS>
			<X>140</X>
			<Y>120</Y>
			<W>200</W>
			<H>24</H>
		</BOUNDS>
	</ACTIONKEY>

	<LABEL item="Label" parent="KeyboardOptionGroup4">
		<FONT>FONTa9</FONT>
		<TEXTCOLOR>
			<R>205</R>
			<G>205</G>
			<B>205</B>
		</TEXTCOLOR>
		<BOUNDS>
			<X>20</X>
			<Y>150</Y>
			<W>100</W>
			<H>24</H>
		</BOUNDS>
		<TEXT>STR:UI_OPTION_65</TEXT> <!-- 춤 -->
	</LABEL>
	<ACTIONKEY item="DanceActionKey" parent="KeyboardOptionGroup4">
		<BOUNDS>
			<X>140</X>
			<Y>150</Y>
			<W>200</W>
			<H>24</H>
		</BOUNDS>
	</ACTIONKEY>
	
	
	<!-- mouse tab -->
	<LABEL item="Label" parent="KeyboardOptionGroup5">
		<FONT>FONTa9</FONT>
		<TEXTCOLOR>
			<R>205</R>
			<G>205</G>
			<B>205</B>
		</TEXTCOLOR>
		<BOUNDS>
			<X>2</X>
			<Y>3</Y>
			<W>100</W>
			<H>24</H>
		</BOUNDS>
		<TEXT>STR:UI_OPTION_76</TEXT> <!-- 마우스 감도 감소 -->
	</LABEL>
	<ACTIONKEY item="MouseSensitivityDecActionKey" parent="KeyboardOptionGroup5">
		<BOUNDS>
			<X>190</X>
			<Y>3</Y>
			<W>160</W>
			<H>24</H>
		</BOUNDS>
	</ACTIONKEY>
	
	<LABEL item="Label" parent="KeyboardOptionGroup5">
		<FONT>FONTa9</FONT>
		<TEXTCOLOR>
			<R>205</R>
			<G>205</G>
			<B>205</B>
		</TEXTCOLOR>
		<BOUNDS>
			<X>2</X>
			<Y>32</Y>
			<W>100</W>
			<H>24</H>
		</BOUNDS>
		<TEXT>STR:UI_OPTION_77</TEXT> <!-- 마우스 감도 증가 -->
	</LABEL>
	<ACTIONKEY item="MouseSensitivityIncActionKey" parent="KeyboardOptionGroup5">
		<BOUNDS>
			<X>190</X>
			<Y>32</Y>
			<W>160</W>
			<H>24</H>
		</BOUNDS>
	</ACTIONKEY>
	
	<LABEL item="Label" parent="KeyboardOptionGroup5">
		<FONT>FONTa9</FONT>
		<TEXTCOLOR>
			<R>205</R>
			<G>205</G>
			<B>205</B>
		</TEXTCOLOR>
		<BOUNDS>
			<X>2</X>
			<Y>61</Y>
			<W>300</W>
			<H>24</H>
		</BOUNDS>
		<TEXT>STR:UI_OPTION_20</TEXT> <!-- 마우스 감도 -->
	</LABEL>
	<SLIDER item="MouseSensitivitySlider" parent="KeyboardOptionGroup5">
		<BOUNDS>
			<X>105</X>
			<Y>61</Y>
			<W>140</W>
			<H>24</H>
		</BOUNDS>
		<ALIGN>
			<HALIGN>right</HALIGN>
		</ALIGN>
	</SLIDER>
	
	<EDIT item="MouseSensitivityEdit" parent="KeyboardOptionGroup5">
		<BOUNDS>
			<X>210</X>
			<Y>90</Y>
			<W>140</W>
			<H>24</H>
		</BOUNDS>
	</EDIT>
	
	<LABEL item="Label" parent="KeyboardOptionGroup5">
		<FONT>FONTa9</FONT>
		<TEXTCOLOR>
			<R>205</R>
			<G>205</G>
			<B>205</B>
		</TEXTCOLOR>
		<BOUNDS>
			<X>2</X>
			<Y>119</Y>
			<W>300</W>
			<H>24</H>
		</BOUNDS>
		<TEXT>STR:UI_OPTION_21</TEXT> <!-- 마우스 상하 반전 -->
	</LABEL>
	<BUTTON item="InvertMouse" parent="KeyboardOptionGroup5">
		<BUTTONLOOK>Custom1ButtonLook</BUTTONLOOK>
		<PUSHBUTTON/>
		<BOUNDS>
			<X>326</X>
			<Y>119</Y>
			<W>24</W>
			<H>24</H>
		</BOUNDS>
	</BUTTON>
	
	<!-- joystick tab -->
	<LABEL item="Label" parent="KeyboardOptionGroup6">
		<FONT>FONTa9</FONT>
		<TEXTCOLOR>
			<R>205</R>
			<G>205</G>
			<B>205</B>
		</TEXTCOLOR>
		<BOUNDS>
			<X>20</X>
			<Y>3</Y>
			<W>300</W>
			<H>24</H>
		</BOUNDS>
		<TEXT>STR:UI_OPTION_66</TEXT> <!-- 조이스틱 아날로그 감도 -->
	</LABEL>
	<SLIDER item="JoystickSensitivitySlider" parent="KeyboardOptionGroup6">
		<BOUNDS>
			<X>125</X>
			<Y>3</Y>
			<W>140</W>
			<H>24</H>
		</BOUNDS>
		<ALIGN>
			<HALIGN>right</HALIGN>
		</ALIGN>
	</SLIDER>
	
	<LABEL item="Label" parent="KeyboardOptionGroup6">
		<FONT>FONTa9</FONT>
		<TEXTCOLOR>
			<R>205</R>
			<G>205</G>
			<B>205</B>
		</TEXTCOLOR>
		<BOUNDS>
			<X>20</X>
			<Y>32</Y>
			<W>300</W>
			<H>24</H>
		</BOUNDS>
		<TEXT>STR:UI_OPTION_67</TEXT> <!-- 조이스틱 상하 반전 -->
	</LABEL>
	<BUTTON item="InvertJoystick" parent="KeyboardOptionGroup6">
		<BUTTONLOOK>Custom1ButtonLook</BUTTONLOOK>
		<PUSHBUTTON/>
		<BOUNDS>
			<X>346</X>
			<Y>32</Y>
			<W>24</W>
			<H>24</H>
		</BOUNDS>
	</BUTTON>
	
	<BUTTON item="DefaultSettingLoad" parent="KeyboardOptionGroup">
		<ANCHORS>
			<LEFT>true</LEFT>
			<TOP>true</TOP>
			<RIGHT>true</RIGHT>
			<BOTTOM>true</BOTTOM>
		</ANCHORS>
		<BOUNDS>
			<X>20</X>
			<Y>389</Y>
			<W>140</W>
			<H>32</H>
		</BOUNDS>
		<TEXT>STR:UI_OPTION_41</TEXT> <!-- 기본설정으로 -->
		<WIRELOOK/>
	</BUTTON>

	<!-- Etc Option -->
	<FRAME item="EtcOptionGroup" parent="OptionGroup">
		<FRAMELOOK>NullFrameLook</FRAMELOOK>
		<BOUNDS>
			<X>180</X>
			<Y>70</Y>
			<W>350</W>
			<H>350</H>
		</BOUNDS>
		<VISIBLE>FALSE</VISIBLE>
		<RESIZABLE>false</RESIZABLE>
		<FOCUSABLE>false</FOCUSABLE>
		<MOVABLE>false</MOVABLE>
	</FRAME>
	<LABEL item="Label" parent="EtcOptionGroup">
		<FONT>FONTa9</FONT>
		<TEXTCOLOR>
			<R>205</R>
			<G>205</G>
			<B>205</B>
		</TEXTCOLOR>
		<BOUNDS>
			<X>2</X>
			<Y>0</Y>
			<W>300</W>
			<H>24</H>
		</BOUNDS>
		<TEXT>STR:UI_OPTION_42</TEXT> <!-- 포트포워딩 포트설정 -->
	</LABEL>
	<EDIT item="NetworkPort1" parent="EtcOptionGroup">
		<BOUNDS>
			<X>210</X>
			<Y>0</Y>
			<W>60</W>
			<H>24</H>
		</BOUNDS>
	</EDIT>
	<LABEL item="Label" parent="EtcOptionGroup">
		<FONT>FONTa9</FONT>
		<TEXTCOLOR>
			<R>205</R>
			<G>205</G>
			<B>205</B>
		</TEXTCOLOR>
		<BOUNDS>
			<X>275</X>
			<Y>0</Y>
			<W>20</W>
			<H>24</H>
		</BOUNDS>
		<TEXT>~</TEXT>
	</LABEL>
	<EDIT item="NetworkPort2" parent="EtcOptionGroup">
		<BOUNDS>
			<X>290</X>
			<Y>0</Y>
			<W>60</W>
			<H>24</H>
		</BOUNDS>
	</EDIT>
<!--	
	<LABEL item="Label" parent="EtcOptionGroup">
		<FONT>FONTa9</FONT>
		<TEXTCOLOR>
			<R>205</R>
			<G>205</G>
			<B>205</B>
		</TEXTCOLOR>
		<BOUNDS>
			<X>2</X>
			<Y>30</Y>
			<W>320</W>
			<H>24</H>
		</BOUNDS>
		<TEXT>STR:UI_OPTION_43</TEXT> 
	</LABEL>		
-->		
	<TEXTAREA item="Option_Textarea01" parent="EtcOptionGroup">
		<TEXTCOLOR>
			<R>205</R>
			<G>205</G>
			<B>205</B>
		</TEXTCOLOR>
		<BOUNDS>
			<X>2</X>
			<Y>30</Y>
			<W>310</W>
			<H>55</H>
		</BOUNDS>
		<TEXT>STR:UI_OPTION_43</TEXT> <!-- 성능 최대화(일부시스템에서 마우스가 느려질수 있습니다) -->
		<EDITABLE>false</EDITABLE>
	</TEXTAREA>
		

	<BUTTON item="BoostOption" parent="EtcOptionGroup">
		<BUTTONLOOK>Custom1ButtonLook</BUTTONLOOK>
		<PUSHBUTTON/>
		<BOUNDS>
			<X>229</X>
			<Y>30</Y>
			<W>24</W>
			<H>24</H>
		</BOUNDS>
		<ALIGN>
			<HALIGN>right</HALIGN>
		</ALIGN>
	</BUTTON>
	<LABEL item="LanguageSelectLabel" parent="EtcOptionGroup">
		<FONT>FONTa9</FONT>
		<TEXTCOLOR>
			<R>205</R>
			<G>205</G>
			<B>205</B>
		</TEXTCOLOR>
		<BOUNDS>
			<X>2</X>
			<Y>60</Y>
			<W>300</W>
			<H>24</H>
		</BOUNDS>
		<TEXT>STR:UI_OPTION_LANGUAGE_SELECT</TEXT> <!-- 언어 선택 지 -->
	</LABEL>
	<COMBOBOX item="LanguageSelectComboBox" parent="EtcOptionGroup">
		<LISTBOXLOOK>CustomListBoxLook</LISTBOXLOOK>
		<BUTTONLOOK>ListBoxButtonLook</BUTTONLOOK>
		<FONT>FONTa9</FONT>
		<TEXTCOLOR>
			<R>205</R>
			<G>205</G>
			<B>205</B>
		</TEXTCOLOR>
		<TEXTALIGN>
			<VALIGN>center</VALIGN>
			<HALIGN>left</HALIGN>
		</TEXTALIGN>
		<BOUNDS>
			<X>105</X>
			<Y>60</Y>
			<W>90</W>
			<H>24</H>
		</BOUNDS>
		<ALIGN>
			<HALIGN>right</HALIGN>
		</ALIGN>
		<DROPSIZE>80</DROPSIZE>
		<COMBOTYPE>1</COMBOTYPE>
	</COMBOBOX>
	
	<LABEL item="Label" parent="EtcOptionGroup">
		<FONT>FONTa9</FONT>
		<TEXTCOLOR>
			<R>205</R>
			<G>205</G>
			<B>205</B>
		</TEXTCOLOR>
		<BOUNDS>
			<X>2</X>
			<Y>80</Y>
			<W>320</W>
			<H>24</H>
		</BOUNDS>
		<TEXT>STR:UI_OPTION_44</TEXT> <!-- 채팅 필터 옵션 -->
	</LABEL>
	<LABEL item="Label" parent="EtcOptionGroup">
		<FONT>FONTa9</FONT>
		<TEXTCOLOR>
			<R>205</R>
			<G>205</G>
			<B>205</B>
		</TEXTCOLOR>
		<BOUNDS>
			<X>40</X>
			<Y>102</Y>
			<W>300</W>
			<H>24</H>
		</BOUNDS>
		<TEXT>STR:UI_OPTION_45</TEXT> <!-- 일반 채팅 말 무시 -->
	</LABEL>
	<BUTTON item="NormalChatOption" parent="EtcOptionGroup">
		<BUTTONLOOK>Custom1ButtonLook</BUTTONLOOK>
		<PUSHBUTTON/>
		<BOUNDS>
			<X>10</X>
			<Y>102</Y>
			<W>130</W>
			<H>24</H>
		</BOUNDS>
	</BUTTON>
	<LABEL item="Label" parent="EtcOptionGroup">
		<FONT>FONTa9</FONT>
		<TEXTCOLOR>
			<R>205</R>
			<G>205</G>
			<B>205</B>
		</TEXTCOLOR>
		<BOUNDS>
			<X>200</X>
			<Y>102</Y>
			<W>300</W>
			<H>24</H>
		</BOUNDS>
		<TEXT>STR:UI_OPTION_46</TEXT> <!-- 팀 채팅 말 무시 -->
	</LABEL>
	<BUTTON item="TeamChatOption" parent="EtcOptionGroup">
		<BUTTONLOOK>Custom1ButtonLook</BUTTONLOOK>
		<PUSHBUTTON/>
		<BOUNDS>
			<X>170</X>
			<Y>102</Y>
			<W>130</W>
			<H>24</H>
		</BOUNDS>
	</BUTTON>
	<LABEL item="Label" parent="EtcOptionGroup">
		<FONT>FONTa9</FONT>
		<TEXTCOLOR>
			<R>205</R>
			<G>205</G>
			<B>205</B>
		</TEXTCOLOR>
		<BOUNDS>
			<X>40</X>
			<Y>122</Y>
			<W>300</W>
			<H>24</H>
		</BOUNDS>
		<TEXT>STR:UI_OPTION_47</TEXT> <!-- 클랜 채팅 말 무시 -->
	</LABEL>
	<BUTTON item="ClanChatOption" parent="EtcOptionGroup">
		<BUTTONLOOK>Custom1ButtonLook</BUTTONLOOK>
		<PUSHBUTTON/>
		<BOUNDS>
			<X>10</X>
			<Y>122</Y>
			<W>130</W>
			<H>24</H>
		</BOUNDS>
	</BUTTON>
	<LABEL item="Label" parent="EtcOptionGroup">
		<FONT>FONTa9</FONT>
		<TEXTCOLOR>
			<R>205</R>
			<G>205</G>
			<B>205</B>
		</TEXTCOLOR>
		<BOUNDS>
			<X>200</X>
			<Y>122</Y>
			<W>300</W>
			<H>24</H>
		</BOUNDS>
		<TEXT>STR:UI_OPTION_48</TEXT> <!-- 귓말 거부 -->
	</LABEL>
	<BUTTON item="WhisperOption" parent="EtcOptionGroup">
		<BUTTONLOOK>Custom1ButtonLook</BUTTONLOOK>
		<PUSHBUTTON/>
		<BOUNDS>
			<X>170</X>
			<Y>122</Y>
			<W>130</W>
			<H>24</H>
		</BOUNDS>
	</BUTTON>
	
	<LABEL item="Label" parent="EtcOptionGroup">
		<FONT>FONTa9</FONT>
		<TEXTCOLOR>
			<R>205</R>
			<G>205</G>
			<B>205</B>
		</TEXTCOLOR>
		<BOUNDS>
			<X>2</X>
			<Y>150</Y>
			<W>300</W>
			<H>24</H>
		</BOUNDS>
		<TEXT>STR:UI_OPTION_MOVINGPICTURE_01</TEXT> <!-- 해상도(동영상) -->
	</LABEL>
	<COMBOBOX item="MovingPictureResolution" parent="EtcOptionGroup">
		<LISTBOXLOOK>CustomListBoxLook</LISTBOXLOOK>
		<BUTTONLOOK>ListBoxButtonLook</BUTTONLOOK>
		<FONT>FONTa9</FONT>
		<TEXTCOLOR>
			<R>205</R>
			<G>205</G>
			<B>205</B>
		</TEXTCOLOR>
		<TEXTALIGN>
			<VALIGN>center</VALIGN>
			<HALIGN>left</HALIGN>
		</TEXTALIGN>
		<BOUNDS>
			<X>105</X>
			<Y>150</Y>
			<W>90</W>
			<H>24</H>
		</BOUNDS>
		<ALIGN>
			<HALIGN>right</HALIGN>
		</ALIGN>
		<LISTITEM selected="true">STR:UI_OPTION_MOVINGPICTURE_02</LISTITEM> <!-- 320 X 240 -->
		<LISTITEM>STR:UI_OPTION_MOVINGPICTURE_03</LISTITEM> <!-- 640 X 480 -->
		<LISTITEM>STR:UI_OPTION_MOVINGPICTURE_04</LISTITEM> <!-- 1 : 1 -->
		<DROPSIZE>80</DROPSIZE>
		<COMBOTYPE>1</COMBOTYPE>
	</COMBOBOX>

	<LABEL item="Label" parent="EtcOptionGroup">
		<FONT>FONTa9</FONT>
		<TEXTCOLOR>
			<R>205</R>
			<G>205</G>
			<B>205</B>
		</TEXTCOLOR>
		<BOUNDS>
			<X>2</X>
			<Y>180</Y>
			<W>300</W>
			<H>24</H>
		</BOUNDS>
		<TEXT>STR:UI_OPTION_MOVINGPICTURE_11</TEXT> <!-- 파일크기(제한용량)(동영상) -->
	</LABEL>
	<COMBOBOX item="MovingPictureFileSize" parent="EtcOptionGroup">
		<LISTBOXLOOK>CustomListBoxLook</LISTBOXLOOK>
		<BUTTONLOOK>ListBoxButtonLook</BUTTONLOOK>
		<FONT>FONTa9</FONT>
		<TEXTCOLOR>
			<R>205</R>
			<G>205</G>
			<B>205</B>
		</TEXTCOLOR>
		<TEXTALIGN>
			<VALIGN>center</VALIGN>
			<HALIGN>left</HALIGN>
		</TEXTALIGN>
		<BOUNDS>
			<X>105</X>
			<Y>180</Y>
			<W>90</W>
			<H>24</H>
		</BOUNDS>
		<ALIGN>
			<HALIGN>right</HALIGN>
		</ALIGN>
		<LISTITEM selected="true">STR:UI_OPTION_MOVINGPICTURE_12</LISTITEM> <!-- 100MB -->
		<LISTITEM>STR:UI_OPTION_MOVINGPICTURE_13</LISTITEM> <!-- 300MB -->
		<LISTITEM>STR:UI_OPTION_MOVINGPICTURE_14</LISTITEM> <!-- 500MB -->
		<LISTITEM>STR:UI_OPTION_MOVINGPICTURE_15</LISTITEM> <!-- 무제한 -->
		<DROPSIZE>80</DROPSIZE>
		<COMBOTYPE>1</COMBOTYPE>
	</COMBOBOX>
	<LABEL item="Label" parent="EtcOptionGroup">
		<FONT>FONTa9</FONT>
		<TEXTCOLOR>
			<R>205</R>
			<G>205</G>
			<B>205</B>
		</TEXTCOLOR>
		<BOUNDS>
			<X>2</X>
			<Y>210</Y>
			<W>300</W>
			<H>24</H>
		</BOUNDS>
		<TEXT>STR:UI_OPTION_50</TEXT> <!-- 조준점 -->
	</LABEL>
	<COMBOBOX item="CrossHairComboBox" parent="EtcOptionGroup">
		<LISTBOXLOOK>CustomListBoxLook</LISTBOXLOOK>
		<BUTTONLOOK>ListBoxButtonLook</BUTTONLOOK>
		<FONT>FONTa9</FONT>
		<TEXTCOLOR>
			<R>205</R>
			<G>205</G>
			<B>205</B>
		</TEXTCOLOR>
		<TEXTALIGN>
			<VALIGN>center</VALIGN>
			<HALIGN>left</HALIGN>
		</TEXTALIGN>
		<BOUNDS>
			<X>105</X>
			<Y>210</Y>
			<W>90</W>
			<H>24</H>
		</BOUNDS>
		<ALIGN>
			<HALIGN>right</HALIGN>
		</ALIGN>
	</COMBOBOX>
	<CANVAS item="CrossHairPreviewCanvas" parent="EtcOptionGroup">
		<FRAMELOOK>NullFrameLook</FRAMELOOK>
		<BOUNDS>
			<X>180</X>
			<Y>210</Y>
			<W>64</W>
			<H>64</H>
		</BOUNDS>
		<VISIBLE>TRUE</VISIBLE>
		<RESIZABLE>FALSE</RESIZABLE>
		<MOVABLE>FALSE</MOVABLE>
		<!-- <ALIGN>
			<HALIGN>right</HALIGN>
		</ALIGN> -->
	</CANVAS>
	<LABEL item="Label" parent="EtcOptionGroup">
		<FONT>FONTa9</FONT>
		<TEXTCOLOR>
			<R>205</R>
			<G>205</G>
			<B>205</B>
		</TEXTCOLOR>
		<BOUNDS>
			<X>2</X>
			<Y>280</Y>
			<W>300</W>
			<H>24</H>
		</BOUNDS>
		<TEXT>STR:UI_OPTION_49</TEXT> <!-- 초대거부 -->
	</LABEL>
	<BUTTON item="InviteOption" parent="EtcOptionGroup">
		<BUTTONLOOK>Custom1ButtonLook</BUTTONLOOK>
		<PUSHBUTTON/>
		<BOUNDS>
			<X>229</X>
			<Y>280</Y>
			<W>24</W>
			<H>24</H>
		</BOUNDS>
		<ALIGN>
			<HALIGN>right</HALIGN>
		</ALIGN>
	</BUTTON>
	
	<!-- Macro Option -->
	<FRAME item="MacroOptionGroup" parent="OptionGroup">
		<FRAMELOOK>NullFrameLook</FRAMELOOK>
		<BOUNDS>
			<X>140</X>
			<Y>70</Y>
			<W>350</W>
			<H>300</H>
		</BOUNDS>
		<VISIBLE>FALSE</VISIBLE>
		<RESIZABLE>false</RESIZABLE>
		<FOCUSABLE>false</FOCUSABLE>
		<MOVABLE>false</MOVABLE>
	</FRAME>

	<LABEL item="Label" parent="MacroOptionGroup">
		<FONT>FONTa9</FONT>
		<TEXTCOLOR>
			<R>205</R>
			<G>205</G>
			<B>205</B>
		</TEXTCOLOR>
		<BOUNDS>
			<X>2</X>
			<Y>0</Y>
			<W>300</W>
			<H>24</H>
		</BOUNDS>
		<TEXT>STR:UI_OPTION_51</TEXT> <!-- F1 Key -->
	</LABEL>
	<EDIT item="MacroF1" parent="MacroOptionGroup">
		<BOUNDS>
			<X>30</X>
			<Y>0</Y>
			<W>270</W>
			<H>24</H>
		</BOUNDS>
		<ALIGN>
			<HALIGN>right</HALIGN>
		</ALIGN>
	</EDIT>

	<LABEL item="Label" parent="MacroOptionGroup">
		<FONT>FONTa9</FONT>
		<TEXTCOLOR>
			<R>205</R>
			<G>205</G>
			<B>205</B>
		</TEXTCOLOR>
		<BOUNDS>
			<X>2</X>
			<Y>30</Y>
			<W>300</W>
			<H>24</H>
		</BOUNDS>
		<TEXT>STR:UI_OPTION_52</TEXT> <!-- F2 Key -->
	</LABEL>
	<EDIT item="MacroF2" parent="MacroOptionGroup">
		<BOUNDS>
			<X>30</X>
			<Y>30</Y>
			<W>270</W>
			<H>24</H>
		</BOUNDS>
		<ALIGN>
			<HALIGN>right</HALIGN>
		</ALIGN>
	</EDIT>

	<LABEL item="Label" parent="MacroOptionGroup">
		<FONT>FONTa9</FONT>
		<TEXTCOLOR>
			<R>205</R>
			<G>205</G>
			<B>205</B>
		</TEXTCOLOR>
		<BOUNDS>
			<X>2</X>
			<Y>60</Y>
			<W>300</W>
			<H>24</H>
		</BOUNDS>
		<TEXT>STR:UI_OPTION_53</TEXT> <!-- F3 Key -->
	</LABEL>
	<EDIT item="MacroF3" parent="MacroOptionGroup">
		<BOUNDS>
			<X>30</X>
			<Y>60</Y>
			<W>270</W>
			<H>24</H>
		</BOUNDS>
		<ALIGN>
			<HALIGN>right</HALIGN>
		</ALIGN>
	</EDIT>

	<LABEL item="Label" parent="MacroOptionGroup">
		<FONT>FONTa9</FONT>
		<TEXTCOLOR>
			<R>205</R>
			<G>205</G>
			<B>205</B>
		</TEXTCOLOR>
		<BOUNDS>
			<X>2</X>
			<Y>90</Y>
			<W>300</W>
			<H>24</H>
		</BOUNDS>
		<TEXT>STR:UI_OPTION_54</TEXT> <!-- F4 Key -->
	</LABEL>
	<EDIT item="MacroF4" parent="MacroOptionGroup">
		<BOUNDS>
			<X>30</X>
			<Y>90</Y>
			<W>270</W>
			<H>24</H>
		</BOUNDS>
		<ALIGN>
			<HALIGN>right</HALIGN>
		</ALIGN>
	</EDIT>

	<LABEL item="Label" parent="MacroOptionGroup">
		<FONT>FONTa9</FONT>
		<TEXTCOLOR>
			<R>205</R>
			<G>205</G>
			<B>205</B>
		</TEXTCOLOR>
		<BOUNDS>
			<X>2</X>
			<Y>120</Y>
			<W>300</W>
			<H>24</H>
		</BOUNDS>
		<TEXT>STR:UI_OPTION_55</TEXT> <!-- F5 Key -->
	</LABEL>
	<EDIT item="MacroF5" parent="MacroOptionGroup">
		<BOUNDS>
			<X>30</X>
			<Y>120</Y>
			<W>270</W>
			<H>24</H>
		</BOUNDS>
		<ALIGN>
			<HALIGN>right</HALIGN>
		</ALIGN>
	</EDIT>

	<LABEL item="Label" parent="MacroOptionGroup">
		<FONT>FONTa9</FONT>
		<TEXTCOLOR>
			<R>205</R>
			<G>205</G>
			<B>205</B>
		</TEXTCOLOR>
		<BOUNDS>
			<X>2</X>
			<Y>150</Y>
			<W>300</W>
			<H>24</H>
		</BOUNDS>
		<TEXT>STR:UI_OPTION_56</TEXT> <!-- F6 Key -->
	</LABEL>
	<EDIT item="MacroF6" parent="MacroOptionGroup">
		<BOUNDS>
			<X>30</X>
			<Y>150</Y>
			<W>270</W>
			<H>24</H>
		</BOUNDS>
		<ALIGN>	<HALIGN>right</HALIGN></ALIGN>
	</EDIT>

	<LABEL item="Label" parent="MacroOptionGroup">
		<FONT>FONTa9</FONT>
		<TEXTCOLOR>
			<R>205</R>
			<G>205</G>
			<B>205</B>
		</TEXTCOLOR>
		<BOUNDS>
			<X>2</X>
			<Y>180</Y>
			<W>300</W>
			<H>24</H>
		</BOUNDS>
		<TEXT>STR:UI_OPTION_57</TEXT> <!-- F7 Key -->
	</LABEL>
	<EDIT item="MacroF7" parent="MacroOptionGroup">
		<BOUNDS>
			<X>30</X>
			<Y>180</Y>
			<W>270</W>
			<H>24</H>
		</BOUNDS>
		<ALIGN>	<HALIGN>right</HALIGN></ALIGN>
	</EDIT>

	<LABEL item="Label" parent="MacroOptionGroup">
		<FONT>FONTa9</FONT>
		<TEXTCOLOR>
			<R>205</R>
			<G>205</G>
			<B>205</B>
		</TEXTCOLOR>
		<BOUNDS>
			<X>2</X>
			<Y>210</Y>
			<W>300</W>
			<H>24</H>
		</BOUNDS>
		<TEXT>STR:UI_OPTION_58</TEXT> <!-- F8 Key -->
	</LABEL>
	<EDIT item="MacroF8" parent="MacroOptionGroup">
		<BOUNDS>
			<X>30</X>
			<Y>210</Y>
			<W>270</W>
			<H>24</H>
		</BOUNDS>
		<ALIGN>	<HALIGN>right</HALIGN></ALIGN>
	</EDIT>

<!-- 1337 Option -->

	<FRAME item="1337OptionGroup" parent="OptionGroup">
		<FRAMELOOK>NullFrameLook</FRAMELOOK>
		<BOUNDS>
			<X>180</X>
			<Y>70</Y>
			<W>350</W>
			<H>350</H>
		</BOUNDS>
		<VISIBLE>FALSE</VISIBLE>
		<RESIZABLE>false</RESIZABLE>
		<FOCUSABLE>false</FOCUSABLE>
		<MOVABLE>false</MOVABLE>
	</FRAME>
	
	<FRAME item="1337OptionGroup1" parent="1337OptionGroup">
		<FRAMELOOK>NullFrameLook</FRAMELOOK>
		<BOUNDS>
			<X>0</X>
			<Y>70</Y>
			<W>350</W>
			<H>350</H>
		</BOUNDS>
		<VISIBLE>TRUE</VISIBLE>
		<RESIZABLE>false</RESIZABLE>
		<FOCUSABLE>false</FOCUSABLE>
		<MOVABLE>false</MOVABLE>
	</FRAME>

	<FRAME item="1337OptionGroup2" parent="1337OptionGroup">
		<FRAMELOOK>NullFrameLook</FRAMELOOK>
		<BOUNDS>
			<X>0</X>
			<Y>70</Y>
			<W>350</W>
			<H>350</H>
		</BOUNDS>
		<VISIBLE>FALSE</VISIBLE>
		<RESIZABLE>false</RESIZABLE>
		<FOCUSABLE>false</FOCUSABLE>
		<MOVABLE>false</MOVABLE>
	</FRAME>
	
	<FRAME item="1337OptionGroup3" parent="1337OptionGroup">
		<FRAMELOOK>NullFrameLook</FRAMELOOK>
		<BOUNDS>
			<X>0</X>
			<Y>70</Y>
			<W>350</W>
			<H>350</H>
		</BOUNDS>
		<VISIBLE>FALSE</VISIBLE>
		<RESIZABLE>false</RESIZABLE>
		<FOCUSABLE>false</FOCUSABLE>
		<MOVABLE>false</MOVABLE>
	</FRAME>
	
	<BUTTON item="1337Button1" parent="1337OptionGroup">
		<BOUNDS>
			<X>0</X>
			<Y>0</Y>
			<W>65</W>
			<H>30</H>
		</BOUNDS>
		<TEXT>Part 1</TEXT>
	</BUTTON>
	<BUTTON item="1337Button2" parent="1337OptionGroup">
		<BOUNDS>
			<X>70</X>
			<Y>0</Y>
			<W>65</W>
			<H>30</H>
		</BOUNDS>
		<TEXT>Part 2</TEXT>
	</BUTTON>
	<BUTTON item="1337Button3" parent="1337OptionGroup">
		<BOUNDS>
			<X>140</X>
			<Y>0</Y>
			<W>65</W>
			<H>30</H>
		</BOUNDS>
		<TEXT>Part 2</TEXT>
	</BUTTON>
	
	<TABCONTROL item="1337TabControl">
		<TAB button = "1337Button1" widget = "1337OptionGroup1"/>
		<TAB button = "1337Button2" widget = "1337OptionGroup2"/>
		<TAB button = "1337Button3" widget = "1337OptionGroup3"/>
		<TABCONTROLLOOK>NullTabLook</TABCONTROLLOOK>
	</TABCONTROL>

	<LABEL item="Windowed Label" parent="1337OptionGroup1">
		<FONT>FONTa9</FONT>
		<TEXTCOLOR>
			<R>205</R>
			<G>205</G>
			<B>205</B>
		</TEXTCOLOR>
		<BOUNDS>
			<X>2</X>
			<Y>0</Y>
			<W>300</W>
			<H>24</H>
		</BOUNDS>
		<TEXT>Windowed Mode</TEXT>
	</LABEL>

	<BUTTON item="WindowedMode" parent="1337OptionGroup1">
		<BUTTONLOOK>Custom1ButtonLook</BUTTONLOOK>
		<PUSHBUTTON/>
		<BOUNDS>
			<X>229</X>
			<Y>0</Y>
			<W>24</W>
			<H>24</H>
		</BOUNDS>
		<ALIGN>
			<HALIGN>right</HALIGN>
		</ALIGN>
	</BUTTON>

	<LABEL item="Archetype Label" parent="1337OptionGroup1">
		<FONT>FONTa9</FONT>
		<TEXTCOLOR>
			<R>205</R>
			<G>205</G>
			<B>205</B>
		</TEXTCOLOR>
		<BOUNDS>
			<X>2</X>
			<Y>30</Y>
			<W>300</W>
			<H>24</H>
		</BOUNDS>
		<TEXT>Archetype Config</TEXT>
	</LABEL>

	<BUTTON item="Archetype" parent="1337OptionGroup1">
		<BUTTONLOOK>Custom1ButtonLook</BUTTONLOOK>
		<PUSHBUTTON/>
		<BOUNDS>
			<X>229</X>
			<Y>30</Y>
			<W>24</W>
			<H>24</H>
		</BOUNDS>
		<ALIGN>
			<HALIGN>right</HALIGN>
		</ALIGN>
	</BUTTON>

	<LABEL item="SwordTrail Label" parent="1337OptionGroup1">
		<FONT>FONTa9</FONT>
		<TEXTCOLOR>
			<R>205</R>
			<G>205</G>
			<B>205</B>
		</TEXTCOLOR>
		<BOUNDS>
			<X>2</X>
			<Y>60</Y>
			<W>300</W>
			<H>24</H>
		</BOUNDS>
		<TEXT>Sword Trail</TEXT> 
	</LABEL>

	<COMBOBOX item="SwordTrail" parent="1337OptionGroup1">
		<LISTBOXLOOK>CustomListBoxLook</LISTBOXLOOK>
		<BUTTONLOOK>ListBoxButtonLook</BUTTONLOOK>
		<FONT>FONTa9</FONT>
		<TEXTCOLOR>
			<R>205</R>
			<G>205</G>
			<B>205</B>
		</TEXTCOLOR>
		<TEXTALIGN>
			<VALIGN>center</VALIGN>
			<HALIGN>left</HALIGN>
		</TEXTALIGN>
		<BOUNDS>
			<X>229</X>
			<Y>60</Y>
			<W>40</W>
			<H>24</H>
		</BOUNDS>
		<ALIGN>
			<HALIGN>right</HALIGN>
		</ALIGN>
		<LISTITEM selected="true">1</LISTITEM>
		<LISTITEM>2</LISTITEM>
		<LISTITEM>3</LISTITEM>
		<LISTITEM>4</LISTITEM>
		<LISTITEM>5</LISTITEM>
		<DROPSIZE>140</DROPSIZE>
		<COMBOTYPE>1</COMBOTYPE>
	</COMBOBOX>

	<LABEL item="Label" parent="1337OptionGroup1">
		<FONT>FONTa9</FONT>
		<TEXTCOLOR>
			<R>205</R>
			<G>205</G>
			<B>205</B>
		</TEXTCOLOR>
		<BOUNDS>
			<X>2</X>
			<Y>90</Y>
			<W>300</W>
			<H>24</H>
		</BOUNDS>
		<TEXT>Maximum Frames Per Second (FPS)</TEXT>
	</LABEL>

	<EDIT item="FrameLimit_PerSecond" parent="1337OptionGroup1">
		<BOUNDS>
			<X>260</X>
			<Y>90</Y>
			<W>60</W>
			<H>24</H>
		</BOUNDS>
		<TOOLTIP>Acceptable values: 0 or 60~1000. Recommended: 250</TOOLTIP>
	</EDIT>
	
	<LABEL item="Label" parent="1337OptionGroup1">
		<FONT>FONTa9</FONT>
		<TEXTCOLOR>
			<R>205</R>
			<G>205</G>
			<B>205</B>
		</TEXTCOLOR>
		<BOUNDS>
			<X>2</X>
			<Y>120</Y>
			<W>300</W>
			<H>24</H>
		</BOUNDS>
		<TEXT>Show Frames Per Second (FPS)</TEXT>
	</LABEL>

	<BUTTON item="FrameLimit_Display" parent="1337OptionGroup1">
		<BUTTONLOOK>Custom1ButtonLook</BUTTONLOOK>
		<PUSHBUTTON/>
		<BOUNDS>
			<X>229</X>
			<Y>120</Y>
			<W>24</W>
			<H>24</H>
		</BOUNDS>
		<ALIGN>
			<HALIGN>right</HALIGN>
		</ALIGN>
	</BUTTON>

	<LABEL item="WeaponRotation Label" parent="1337OptionGroup1">
		<FONT>FONTa9</FONT>
		<TEXTCOLOR>
			<R>205</R>
			<G>205</G>
			<B>205</B>
		</TEXTCOLOR>
		<BOUNDS>
			<X>2</X>
			<Y>150</Y>
			<W>300</W>
			<H>24</H>
		</BOUNDS>
		<TEXT>Remove Custom Items from Weapon Rotation</TEXT> 
	</LABEL>

	<BUTTON item="WeaponRotation" parent="1337OptionGroup1">
		<BUTTONLOOK>Custom1ButtonLook</BUTTONLOOK>
		<PUSHBUTTON/>
		<BOUNDS>
			<X>229</X>
			<Y>150</Y>
			<W>24</W>
			<H>24</H>
		</BOUNDS>
		<ALIGN>
			<HALIGN>right</HALIGN>
		</ALIGN>
	</BUTTON>
	
	<LABEL item="Emoji Label" parent="1337OptionGroup2">
		<FONT>FONTa9</FONT>
		<TEXTCOLOR>
			<R>205</R>
			<G>205</G>
			<B>205</B>
		</TEXTCOLOR>
		<BOUNDS>
			<X>2</X>
			<Y>0</Y>
			<W>300</W>
			<H>24</H>
		</BOUNDS>
		<TEXT>Emojis</TEXT> 
	</LABEL>

	<BUTTON item="Emojis" parent="1337OptionGroup2">
		<BUTTONLOOK>Custom1ButtonLook</BUTTONLOOK>
		<PUSHBUTTON/>
		<BOUNDS>
			<X>229</X>
			<Y>0</Y>
			<W>24</W>
			<H>24</H>
		</BOUNDS>
		<ALIGN>
			<HALIGN>right</HALIGN>
		</ALIGN>
	</BUTTON>
	
	<LABEL item="DashColor Label" parent="1337OptionGroup2">
		<FONT>FONTa9</FONT>
		<TEXTCOLOR>
			<R>205</R>
			<G>205</G>
			<B>205</B>
		</TEXTCOLOR>
		<BOUNDS>
			<X>2</X>
			<Y>30</Y>
			<W>300</W>
			<H>24</H>
		</BOUNDS>
		<TEXT>Dash Colors</TEXT> 
	</LABEL>
	
	<BUTTON item="DashColors" parent="1337OptionGroup2">
		<BUTTONLOOK>Custom1ButtonLook</BUTTONLOOK>
		<PUSHBUTTON/>
		<BOUNDS>
			<X>229</X>
			<Y>30</Y>
			<W>24</W>
			<H>24</H>
		</BOUNDS>
		<ALIGN>
			<HALIGN>right</HALIGN>
		</ALIGN>
	</BUTTON>
	
	<LABEL item="Emoji Label" parent="1337OptionGroup2">
		<FONT>FONTa9</FONT>
		<TEXTCOLOR>
			<R>205</R>
			<G>205</G>
			<B>205</B>
		</TEXTCOLOR>
		<BOUNDS>
			<X>2</X>
			<Y>60</Y>
			<W>300</W>
			<H>24</H>
		</BOUNDS>
		<TEXT>EmojiType</TEXT> 
	</LABEL>

	<COMBOBOX item="EmojiType" parent="1337OptionGroup2">
		<LISTBOXLOOK>CustomListBoxLook</LISTBOXLOOK>
		<BUTTONLOOK>ListBoxButtonLook</BUTTONLOOK>
		<FONT>FONTa9</FONT>
		<TEXTCOLOR>
			<R>205</R>
			<G>205</G>
			<B>205</B>
		</TEXTCOLOR>
		<TEXTALIGN>
			<VALIGN>center</VALIGN>
			<HALIGN>left</HALIGN>
		</TEXTALIGN>
		<BOUNDS>
			<X>105</X>
			<Y>60</Y>
			<W>80</W>
			<H>24</H>
		</BOUNDS>
		<ALIGN>
			<HALIGN>right</HALIGN>
		</ALIGN>
		<LISTITEM selected="true">Forum</LISTITEM>
		<LISTITEM>IOS</LISTITEM>
		<DROPSIZE>80</DROPSIZE>
		<COMBOTYPE>1</COMBOTYPE>
	</COMBOBOX>
	
	<LABEL item="Stencilbuffering Label" parent="1337OptionGroup2">
		<FONT>FONTa9</FONT>
		<TEXTCOLOR>
			<R>205</R>
			<G>205</G>
			<B>205</B>
		</TEXTCOLOR>
		<BOUNDS>
			<X>2</X>
			<Y>90</Y>
			<W>300</W>
			<H>24</H>
		</BOUNDS>
		<TEXT>Stencil Buffering</TEXT> 
	</LABEL>

	<BUTTON item="Stencil" parent="1337OptionGroup2">
		<BUTTONLOOK>Custom1ButtonLook</BUTTONLOOK>
		<PUSHBUTTON/>
		<BOUNDS>
			<X>229</X>
			<Y>90</Y>
			<W>24</W>
			<H>24</H>
		</BOUNDS>
		<ALIGN>
			<HALIGN>right</HALIGN>
		</ALIGN>
	</BUTTON>
	
	<LABEL item="MultiSampling Label" parent="1337OptionGroup2">
		<FONT>FONTa9</FONT>
		<TEXTCOLOR>
			<R>205</R>
			<G>205</G>
			<B>205</B>
		</TEXTCOLOR>
		<BOUNDS>
			<X>2</X>
			<Y>120</Y>
			<W>300</W>
			<H>24</H>
		</BOUNDS>
		<TEXT>MultiSampling</TEXT> 
	</LABEL>

	<COMBOBOX item="MultiSampling" parent="1337OptionGroup2">
		<LISTBOXLOOK>CustomListBoxLook</LISTBOXLOOK>
		<BUTTONLOOK>ListBoxButtonLook</BUTTONLOOK>
		<FONT>FONTa9</FONT>
		<TEXTCOLOR>
			<R>205</R>
			<G>205</G>
			<B>205</B>
		</TEXTCOLOR>
		<TEXTALIGN>
			<VALIGN>center</VALIGN>
			<HALIGN>left</HALIGN>
		</TEXTALIGN>
		<BOUNDS>
			<X>105</X>
			<Y>120</Y>
			<W>80</W>
			<H>24</H>
		</BOUNDS>
		<ALIGN>
			<HALIGN>right</HALIGN>
		</ALIGN>
		<LISTITEM selected="true">None</LISTITEM>
		<LISTITEM>2x</LISTITEM>
		<LISTITEM>4x</LISTITEM>
		<LISTITEM>8x</LISTITEM>
		<DROPSIZE>80</DROPSIZE>
		<COMBOTYPE>1</COMBOTYPE>
	</COMBOBOX>
	
	<LABEL item="WhiteMaps Label" parent="1337OptionGroup2">
		<FONT>FONTa9</FONT>
		<TEXTCOLOR>
			<R>205</R>
			<G>205</G>
			<B>205</B>
		</TEXTCOLOR>
		<BOUNDS>
			<X>2</X>
			<Y>150</Y>
			<W>300</W>
			<H>24</H>
		</BOUNDS>
		<TEXT>WhiteMaps</TEXT> 
	</LABEL>
	
	
	<BUTTON item="WhiteMap" parent="1337OptionGroup2">
		<BUTTONLOOK>Custom1ButtonLook</BUTTONLOOK>
		<PUSHBUTTON/>
		<BOUNDS>
			<X>229</X>
			<Y>150</Y>
			<W>24</W>
			<H>24</H>
		</BOUNDS>
		<ALIGN>
			<HALIGN>right</HALIGN>
		</ALIGN>
	</BUTTON>
	
		


	<LABEL item="AutoRecord Label" parent="1337OptionGroup1">
		<FONT>FONTa9</FONT>
		<TEXTCOLOR>
			<R>205</R>
			<G>205</G>
			<B>205</B>
		</TEXTCOLOR>
		<BOUNDS>
			<X>2</X>
			<Y>180</Y>
			<W>300</W>
			<H>24</H>
		</BOUNDS>
		<TEXT>Autorecord Games and Rounds</TEXT> 
	</LABEL>

	<BUTTON item="AutoRecord" parent="1337OptionGroup1">
		<BUTTONLOOK>Custom1ButtonLook</BUTTONLOOK>
		<PUSHBUTTON/>
		<BOUNDS>
			<X>229</X>
			<Y>180</Y>
			<W>24</W>
			<H>24</H>
		</BOUNDS>
		<ALIGN>
			<HALIGN>right</HALIGN>
		</ALIGN>
	</BUTTON>
	
<!--	<LABEL item="WaterQuality Label" parent="1337OptionGroup1">
		<FONT>FONTa9</FONT>
		<TEXTCOLOR>
			<R>205</R>
			<G>205</G>
			<B>205</B>
		</TEXTCOLOR>
		<BOUNDS>
			<X>2</X>
			<Y>210</Y>
			<W>300</W>
			<H>24</H>
		</BOUNDS>
		<TEXT>Water Quality</TEXT> 
	</LABEL>
	
	<COMBOBOX item="WaterQuality" parent="1337OptionGroup1">
		<LISTBOXLOOK>CustomListBoxLook</LISTBOXLOOK>
		<BUTTONLOOK>ListBoxButtonLook</BUTTONLOOK>
		<FONT>FONTa9</FONT>
		<TEXTCOLOR>
			<R>205</R>
			<G>205</G>
			<B>205</B>
		</TEXTCOLOR>
		<TEXTALIGN>
			<VALIGN>center</VALIGN>
			<HALIGN>left</HALIGN>
		</TEXTALIGN>
		<BOUNDS>
			<X>229</X>
			<Y>210</Y>
			<W>120</W>
			<H>24</H>
		</BOUNDS>
		<ALIGN>
			<HALIGN>right</HALIGN>
		</ALIGN>
		<LISTITEM>Low</LISTITEM>
		<LISTITEM selected = "true">Medium</LISTITEM>
		<LISTITEM>High</LISTITEM>
		<LISTITEM>Very High</LISTITEM>
		<COMBOTYPE>1</COMBOTYPE>
	</COMBOBOX>-->
<!-- Team HPAP Label -->
	<LABEL item="TeamHPAPLabel" parent="1337OptionGroup2">
		<FONT>FONTa9</FONT>
		<TEXTCOLOR>
			<R>205</R>
			<G>205</G>
			<B>205</B>
		</TEXTCOLOR>
		<BOUNDS>
			<X>2</X>
			<Y>180</Y>
			<W>300</W>
			<H>24</H>
		</BOUNDS>
		<TEXT>See teammate HP/AP</TEXT> 
	</LABEL>
	<!-- Team HPAP Bar -->
	<BUTTON item="TeamHPAPBar" parent="1337OptionGroup2">
		<BUTTONLOOK>Custom1ButtonLook</BUTTONLOOK>
		<PUSHBUTTON/>
		<BOUNDS>
			<X>229</X>
			<Y>180</Y>
			<W>24</W>
			<H>24</H>
		</BOUNDS>
		<ALIGN>
			<HALIGN>right</HALIGN>
		</ALIGN>
	</BUTTON>
	
	<LABEL item="OldCam Label" parent="1337OptionGroup2">
		<FONT>FONTa9</FONT>
		<TEXTCOLOR>
			<R>205</R>
			<G>205</G>
			<B>205</B>
		</TEXTCOLOR>
		<BOUNDS>
			<X>2</X>
			<Y>210</Y>
			<W>300</W>
			<H>24</H>
		</BOUNDS>
		<TEXT>Old Camera Distance</TEXT> 
	</LABEL>
	
	<BUTTON item="OldCam" parent="1337OptionGroup2">
		<BUTTONLOOK>Custom1ButtonLook</BUTTONLOOK>
		<PUSHBUTTON/>
		<BOUNDS>
			<X>229</X>
			<Y>210</Y>
			<W>24</W>
			<H>24</H>
		</BOUNDS>
		<ALIGN>
			<HALIGN>right</HALIGN>
		</ALIGN>
	</BUTTON>
	
	<LABEL item="TimeStamp Label" parent="1337OptionGroup1">
		<FONT>FONTa9</FONT>
		<TEXTCOLOR>
			<R>205</R>
			<G>205</G>
			<B>205</B>
		</TEXTCOLOR>
		<BOUNDS>
			<X>2</X>
			<Y>210</Y>
			<W>300</W>
			<H>24</H>
		</BOUNDS>
		<TEXT>TimeStamp</TEXT> 
	</LABEL>
	
	<COMBOBOX item="TimeStamp" parent="1337OptionGroup1">
		<LISTBOXLOOK>CustomListBoxLook</LISTBOXLOOK>
		<BUTTONLOOK>ListBoxButtonLook</BUTTONLOOK>
		<FONT>FONTa9</FONT>
		<TEXTCOLOR>
			<R>205</R>
			<G>205</G>
			<B>205</B>
		</TEXTCOLOR>
		<TEXTALIGN>
			<VALIGN>center</VALIGN>
			<HALIGN>left</HALIGN>
		</TEXTALIGN>
		<BOUNDS>
			<X>229</X>
			<Y>210</Y>
			<W>140</W>
			<H>24</H>
		</BOUNDS>
		<ALIGN>
			<HALIGN>right</HALIGN>
		</ALIGN>
		<LISTITEM selected="true">Don't Show Time</LISTITEM>
		<LISTITEM>Show Time at top right corner</LISTITEM>
		<LISTITEM>Show time in chat only</LISTITEM>
		<LISTITEM>Show time in both</LISTITEM>
		<COMBOTYPE>1</COMBOTYPE>
	</COMBOBOX>
	
	<LABEL item="ShotEffects Label" parent="1337OptionGroup3">
		<FONT>FONTa9</FONT>
		<TEXTCOLOR>
			<R>205</R>
			<G>205</G>
			<B>205</B>
		</TEXTCOLOR>
		<BOUNDS>
			<X>2</X>
			<Y>0</Y>
			<W>300</W>
			<H>24</H>
		</BOUNDS>
		<TEXT>Disable Shot Effects</TEXT>
	</LABEL>

	<BUTTON item="ShotEffects" parent="1337OptionGroup3">
		<BUTTONLOOK>Custom1ButtonLook</BUTTONLOOK>
		<PUSHBUTTON/>
		<BOUNDS>
			<X>229</X>
			<Y>0</Y>
			<W>24</W>
			<H>24</H>
		</BOUNDS>
		<ALIGN>
			<HALIGN>right</HALIGN>
		</ALIGN>
	</BUTTON>
	
<!--	<LABEL item="TrailColor Label" parent="1337OptionGroup3">
		<FONT>FONTa9</FONT>
		<TEXTCOLOR>
			<R>205</R>
			<G>205</G>
			<B>205</B>
		</TEXTCOLOR>
		<BOUNDS>
			<X>2</X>
			<Y>0</Y>
			<W>300</W>
			<H>24</H>
		</BOUNDS>
		<TEXT>Trail Color</TEXT> 
	</LABEL>
	
	<COMBOBOX item="TrailColor" parent="1337OptionGroup3">
		<LISTBOXLOOK>CustomListBoxLook</LISTBOXLOOK>
		<BUTTONLOOK>ListBoxButtonLook</BUTTONLOOK>
		<FONT>FONTa9</FONT>
		<TEXTCOLOR>
			<R>205</R>
			<G>205</G>
			<B>205</B>
		</TEXTCOLOR>
		<TEXTALIGN>
			<VALIGN>center</VALIGN>
			<HALIGN>left</HALIGN>
		</TEXTALIGN>
		<BOUNDS>
			<X>229</X>
			<Y>0</Y>
			<W>140</W>
			<H>24</H>
		</BOUNDS>
		<ALIGN>
			<HALIGN>right</HALIGN>
		</ALIGN>
		<LISTITEM selected="true">Default</LISTITEM>
		<LISTITEM>Green</LISTITEM>
		<LISTITEM>Red</LISTITEM>
		<LISTITEM>Pink</LISTITEM>
		<COMBOTYPE>1</COMBOTYPE>
	</COMBOBOX>-->
<!-- 옵션 메뉴 버튼들 -->

	<BMBUTTON item = "ShowVideoOptionGroup" parent = "OptionGroup">
		<BOUNDS>
			<X>19</X>
			<Y>50</Y>
			<W>70</W>
			<H>70</H>
		</BOUNDS>
		<TEXT></TEXT>
		<STRETCH/>
		<BITMAP type="up">video_blue.tga</BITMAP>
		<BITMAP type="over">video_blue.tga</BITMAP>
		<BITMAP type="down">video_green.tga</BITMAP>
		<PUSHBUTTON/>
		<SETCHECK/>
	</BMBUTTON>

	<BMBUTTON item = "ShowAudioOptionGroup" parent = "OptionGroup">
		<BOUNDS>
			<X>19</X>
			<Y>118</Y>
			<W>70</W>
			<H>70</H>
		</BOUNDS>
		<TEXT></TEXT>
		<STRETCH/>
		<BITMAP type="up">speaker_blue.tga</BITMAP>
		<BITMAP type="over">speaker_blue.tga</BITMAP>
		<BITMAP type="down">speaker_green.tga</BITMAP>
		<PUSHBUTTON/>
	</BMBUTTON>

	<BMBUTTON item = "ShowKeyboardOptionGroup" parent = "OptionGroup">
		<BOUNDS>
			<X>19</X>
			<Y>186</Y>
			<W>70</W>
			<H>70</H>
		</BOUNDS>
		<TEXT></TEXT>
		<STRETCH/>
		<BITMAP type="up">keyboard_blue.tga</BITMAP>
		<BITMAP type="over">keyboard_blue.tga</BITMAP>
		<BITMAP type="down">keyboard_green.tga</BITMAP>
		<PUSHBUTTON/>
	</BMBUTTON>

	<BMBUTTON item = "ShowMacroOptionGroup" parent = "OptionGroup">
		<BOUNDS>
			<X>19</X>
			<Y>252</Y>
			<W>70</W>
			<H>70</H>
		</BOUNDS>
		<TEXT></TEXT>
		<STRETCH/>
		<BITMAP type="up">macro_off.tga</BITMAP>
		<BITMAP type="over">macro_off.tga</BITMAP>
		<BITMAP type="down">macro_on.tga</BITMAP>
		<PUSHBUTTON/>
	</BMBUTTON>

	<BMBUTTON item = "ShowEtcOptionGroup" parent = "OptionGroup">
		<BOUNDS>
			<X>19</X>
			<Y>320</Y>
			<W>70</W>
			<H>70</H>
		</BOUNDS>
		<TEXT></TEXT>
		<STRETCH/>
		<BITMAP type="up">misc_blue.tga</BITMAP>
		<BITMAP type="over">misc_blue.tga</BITMAP>
		<BITMAP type="down">misc_green.tga</BITMAP>
		<PUSHBUTTON/>
	</BMBUTTON>

	<BMBUTTON item = "Show1337OptionGroup" parent = "OptionGroup">
		<BOUNDS>
			<X>19</X>
			<Y>388</Y>
			<W>70</W>
			<H>70</H>
		</BOUNDS>
		<TEXT></TEXT>
		<STRETCH/>
		<BITMAP type="up">1337_blue.tga</BITMAP>
		<BITMAP type="over">1337_blue.tga</BITMAP>
		<BITMAP type="down">1337_green.tga</BITMAP>
		<PUSHBUTTON/>
	</BMBUTTON>

	<TABCONTROL item="OptionTabControl">
		<TAB button = "ShowVideoOptionGroup" widget = "VideoOptionGroup"/>
		<TAB button = "ShowAudioOptionGroup" widget = "AudioOptionGroup"/>	
		<TAB button = "ShowKeyboardOptionGroup" widget = "KeyboardOptionGroup"/>
		<TAB button = "ShowEtcOptionGroup" widget = "EtcOptionGroup"/>
		<TAB button = "ShowMacroOptionGroup" widget = "MacroOptionGroup"/>
		<TAB button = "Show1337OptionGroup" widget = "1337OptionGroup"/>
		<TABCONTROLLOOK>NullTabLook</TABCONTROLLOOK>
	</TABCONTROL>
	
	<!-- 나가기 -->
	<BUTTON item="SaveOptionButton" parent="OptionGroup">
		<BUTTONLOOK>DefaultButtonLook</BUTTONLOOK>
		<ANCHORS>
			<LEFT>true</LEFT>
			<TOP>true</TOP>
			<RIGHT>true</RIGHT>
			<BOTTOM>true</BOTTOM>
		</ANCHORS>
		<BOUNDS>
			<X>304</X>
			<Y>429</Y>
			<W>100</W>
			<H>32</H>
		</BOUNDS>
		<DEFAULTKEY>ENTER</DEFAULTKEY>
		<TEXT>STR:UI_COMMON_OK</TEXT> <!-- 확인(&amp;O) -->
	</BUTTON>
	<BUTTON item="CancelOptionButton" parent="OptionGroup">
		<BUTTONLOOK>DefaultButtonLook</BUTTONLOOK>
		<ANCHORS>
			<LEFT>true</LEFT>
			<TOP>true</TOP>
			<RIGHT>true</RIGHT>
			<BOTTOM>true</BOTTOM>
		</ANCHORS>
		<BOUNDS>
			<X>409</X>
			<Y>429</Y>
			<W>100</W>
			<H>32</H>
		</BOUNDS>
		<DEFAULTKEY>ESC</DEFAULTKEY>
		<TEXT>STR:UI_COMMON_CANCEL</TEXT> <!-- 취소(&amp;C) -->
	</BUTTON>

</XML>
